pclass,survived,age,sibsp,parch,fare,deck,sex_male,embarked_Q,embarked_S,title_Miss,title_Mr,title_Mrs,title_Rare Title,age_imp,fare_imp,deck_imp,deck_imp_value
1,1,29.0,0,0,211.3375,2.0,0,0,1,1,0,0,0,29.0,211.3375,2.0,B
1,1,0.9167,1,2,151.55,3.0,1,0,1,0,0,0,0,0.9167,151.55,3.0,C
1,0,2.0,1,2,151.55,3.0,0,0,1,1,0,0,0,2.0,151.55,3.0,C
1,0,30.0,1,2,151.55,3.0,1,0,1,0,1,0,0,30.0,151.55,3.0,C
1,0,25.0,1,2,151.55,3.0,0,0,1,0,0,1,0,25.0,151.55,3.0,C
1,1,48.0,0,0,26.55,5.0,1,0,1,0,1,0,0,48.0,26.55,5.0,E
1,1,63.0,1,0,77.9583,4.0,0,0,1,1,0,0,0,63.0,77.9583,4.0,D
1,0,39.0,0,0,0.0,1.0,1,0,1,0,1,0,0,39.0,0.0,1.0,A
1,1,53.0,2,0,51.4792,3.0,0,0,1,0,0,1,0,53.0,51.4792,3.0,C
1,0,71.0,0,0,49.5042,,1,0,0,0,1,0,0,71.0,49.5042,2.0,B
1,0,47.0,1,0,227.525,3.0,1,0,0,0,0,0,1,47.0,227.525,3.0,C
1,1,18.0,1,0,227.525,3.0,0,0,0,0,0,1,0,18.0,227.525,3.0,C
1,1,24.0,0,0,69.3,2.0,0,0,0,0,0,1,0,24.0,69.3,2.0,B
1,1,26.0,0,0,78.85,,0,0,1,1,0,0,0,26.0,78.85,3.0,C
1,1,80.0,0,0,30.0,1.0,1,0,1,0,1,0,0,80.0,30.0,1.0,A
1,0,,0,0,25.925,,1,0,1,0,1,0,0,46.0,25.925,4.0,D
1,0,24.0,0,1,247.5208,2.0,1,0,0,0,1,0,0,24.0,247.5208,2.0,B
1,1,50.0,0,1,247.5208,2.0,0,0,0,0,0,1,0,50.0,247.5208,2.0,B
1,1,32.0,0,0,76.2917,4.0,0,0,0,1,0,0,0,32.0,76.2917,4.0,D
1,0,36.0,0,0,75.2417,3.0,1,0,0,0,1,0,0,36.0,75.2417,3.0,C
1,1,37.0,1,1,52.5542,4.0,1,0,1,0,1,0,0,37.0,52.5542,4.0,D
1,1,47.0,1,1,52.5542,4.0,0,0,1,0,0,1,0,47.0,52.5542,4.0,D
1,1,26.0,0,0,30.0,3.0,1,0,0,0,1,0,0,26.0,30.0,3.0,C
1,1,42.0,0,0,227.525,,0,0,0,1,0,0,0,42.0,227.525,3.0,C
1,1,29.0,0,0,221.7792,3.0,0,0,1,1,0,0,0,29.0,221.7792,3.0,C
1,0,25.0,0,0,26.0,,1,0,0,0,1,0,0,25.0,26.0,3.0,C
1,1,25.0,1,0,91.0792,2.0,1,0,0,0,1,0,0,25.0,91.0792,2.0,B
1,1,19.0,1,0,91.0792,2.0,0,0,0,0,0,1,0,19.0,91.0792,2.0,B
1,1,35.0,0,0,135.6333,3.0,0,0,1,1,0,0,0,35.0,135.6333,3.0,C
1,1,28.0,0,0,26.55,3.0,1,0,1,0,1,0,0,28.0,26.55,3.0,C
1,0,45.0,0,0,35.5,8.0,1,0,1,0,1,0,0,45.0,35.5,8.0,T
1,1,40.0,0,0,31.0,1.0,1,0,0,0,1,0,0,40.0,31.0,1.0,A
1,1,30.0,0,0,164.8667,3.0,0,0,1,1,0,0,0,30.0,164.8667,3.0,C
1,1,58.0,0,0,26.55,3.0,0,0,1,1,0,0,0,58.0,26.55,3.0,C
1,0,42.0,0,0,26.55,4.0,1,0,1,0,1,0,0,42.0,26.55,4.0,D
1,1,45.0,0,0,262.375,,0,0,0,1,0,0,0,45.0,262.375,2.0,B
1,1,22.0,0,1,55.0,5.0,0,0,1,1,0,0,0,22.0,55.0,5.0,E
1,1,,0,0,26.55,,1,0,1,0,1,0,0,46.4,26.55,5.0,E
1,0,41.0,0,0,30.5,1.0,1,0,1,0,1,0,0,41.0,30.5,1.0,A
1,0,48.0,0,0,50.4958,2.0,1,0,0,0,1,0,0,48.0,50.4958,2.0,B
1,0,,0,0,39.6,,1,0,0,0,0,0,1,41.7,39.6,2.0,B
1,1,44.0,0,0,27.7208,2.0,0,0,0,0,0,1,0,44.0,27.7208,2.0,B
1,1,59.0,2,0,51.4792,3.0,0,0,1,0,0,1,0,59.0,51.4792,3.0,C
1,1,60.0,0,0,76.2917,4.0,0,0,0,0,0,1,0,60.0,76.2917,4.0,D
1,1,41.0,0,0,134.5,5.0,0,0,0,1,0,0,0,41.0,134.5,5.0,E
1,0,45.0,0,0,26.55,2.0,1,0,1,0,0,0,1,45.0,26.55,2.0,B
1,0,,0,0,31.0,,1,0,1,0,1,0,0,57.2,31.0,3.0,C
1,1,42.0,0,0,26.2875,5.0,1,0,1,0,1,0,0,42.0,26.2875,5.0,E
1,1,53.0,0,0,27.4458,,0,0,0,0,0,1,0,53.0,27.4458,2.0,B
1,1,36.0,0,1,512.3292,2.0,1,0,0,0,1,0,0,36.0,512.3292,2.0,B
1,1,58.0,0,1,512.3292,2.0,0,0,0,0,0,1,0,58.0,512.3292,2.0,B
1,0,33.0,0,0,5.0,2.0,1,0,1,0,1,0,0,33.0,5.0,2.0,B
1,0,28.0,0,0,47.1,,1,0,1,0,1,0,0,28.0,47.1,3.0,C
1,0,17.0,0,0,47.1,,1,0,1,0,1,0,0,17.0,47.1,3.0,C
1,1,11.0,1,2,120.0,2.0,1,0,1,0,0,0,0,11.0,120.0,2.0,B
1,1,14.0,1,2,120.0,2.0,0,0,1,1,0,0,0,14.0,120.0,2.0,B
1,1,36.0,1,2,120.0,2.0,1,0,1,0,1,0,0,36.0,120.0,2.0,B
1,1,36.0,1,2,120.0,2.0,0,0,1,0,0,1,0,36.0,120.0,2.0,B
1,0,49.0,0,0,26.0,,1,0,1,0,1,0,0,49.0,26.0,5.0,E
1,1,,0,0,27.7208,,0,0,0,0,0,1,0,55.0,27.7208,2.0,B
1,0,36.0,1,0,78.85,3.0,1,0,1,0,1,0,0,36.0,78.85,3.0,C
1,1,76.0,1,0,78.85,3.0,0,0,1,0,0,1,0,76.0,78.85,3.0,C
1,0,46.0,1,0,61.175,5.0,1,0,1,0,1,0,0,46.0,61.175,5.0,E
1,1,47.0,1,0,61.175,5.0,0,0,1,0,0,1,0,47.0,61.175,5.0,E
1,1,27.0,1,0,53.1,5.0,1,0,1,0,1,0,0,27.0,53.1,5.0,E
1,1,33.0,1,0,53.1,5.0,0,0,1,0,0,1,0,33.0,53.1,5.0,E
1,1,36.0,0,0,262.375,2.0,0,0,0,1,0,0,0,36.0,262.375,2.0,B
1,1,30.0,0,0,86.5,2.0,0,0,1,1,0,0,0,30.0,86.5,2.0,B
1,1,45.0,0,0,29.7,1.0,1,0,0,0,1,0,0,45.0,29.7,1.0,A
1,1,,0,1,55.0,5.0,0,0,1,0,0,1,0,48.7,55.0,5.0,E
1,0,,0,0,0.0,,1,0,1,0,1,0,0,39.0,0.0,1.0,A
1,0,27.0,1,0,136.7792,3.0,1,0,0,0,1,0,0,27.0,136.7792,3.0,C
1,1,26.0,1,0,136.7792,3.0,0,0,0,0,0,1,0,26.0,136.7792,3.0,C
1,1,22.0,0,0,151.55,,0,0,1,1,0,0,0,22.0,151.55,3.0,C
1,0,,0,0,52.0,1.0,1,0,1,0,1,0,0,31.0,52.0,1.0,A
1,0,47.0,0,0,25.5875,5.0,1,0,1,0,1,0,0,47.0,25.5875,5.0,E
1,1,39.0,1,1,83.1583,5.0,0,0,0,1,0,0,0,39.0,83.1583,5.0,E
1,0,37.0,1,1,83.1583,5.0,1,0,0,0,1,0,0,37.0,83.1583,5.0,E
1,1,64.0,0,2,83.1583,5.0,0,0,0,0,0,1,0,64.0,83.1583,5.0,E
1,1,55.0,2,0,25.7,3.0,0,0,1,0,0,1,0,55.0,25.7,3.0,C
1,0,,0,0,26.55,,1,0,1,0,1,0,0,62.0,26.55,3.0,C
1,0,70.0,1,1,71.0,2.0,1,0,1,0,0,0,1,70.0,71.0,2.0,B
1,1,36.0,0,2,71.0,2.0,0,0,1,1,0,0,0,36.0,71.0,2.0,B
1,1,64.0,1,1,26.55,2.0,0,0,1,0,0,1,0,64.0,26.55,2.0,B
1,0,39.0,1,0,71.2833,3.0,1,0,0,0,1,0,0,39.0,71.2833,3.0,C
1,1,38.0,1,0,71.2833,3.0,0,0,0,0,0,1,0,38.0,71.2833,3.0,C
1,1,51.0,0,0,26.55,5.0,1,0,1,0,1,0,0,51.0,26.55,5.0,E
1,1,27.0,0,0,30.5,,1,0,1,0,1,0,0,27.0,30.5,3.0,C
1,1,33.0,0,0,151.55,,0,0,1,1,0,0,0,33.0,151.55,3.0,C
1,0,31.0,1,0,52.0,2.0,1,0,1,0,1,0,0,31.0,52.0,2.0,B
1,1,27.0,1,2,52.0,2.0,0,0,1,0,0,1,0,27.0,52.0,2.0,B
1,1,31.0,1,0,57.0,2.0,1,0,1,0,1,0,0,31.0,57.0,2.0,B
1,1,17.0,1,0,57.0,2.0,0,0,1,0,0,1,0,17.0,57.0,2.0,B
1,1,53.0,1,1,81.8583,1.0,1,0,1,0,0,0,1,53.0,81.8583,1.0,A
1,1,4.0,0,2,81.8583,1.0,1,0,1,0,0,0,0,4.0,81.8583,1.0,A
1,1,54.0,1,1,81.8583,1.0,0,0,1,0,0,1,0,54.0,81.8583,1.0,A
1,0,50.0,1,0,106.425,3.0,1,0,0,0,1,0,0,50.0,106.425,3.0,C
1,1,27.0,1,1,247.5208,2.0,0,0,0,0,0,1,0,27.0,247.5208,2.0,B
1,1,48.0,1,0,106.425,3.0,0,0,0,0,0,1,0,48.0,106.425,3.0,C
1,1,48.0,1,0,39.6,1.0,0,0,0,0,0,0,1,48.0,39.6,1.0,A
1,1,49.0,1,0,56.9292,1.0,1,0,0,0,0,0,1,49.0,56.9292,1.0,A
1,0,39.0,0,0,29.7,1.0,1,0,0,0,1,0,0,39.0,29.7,1.0,A
1,1,23.0,0,1,83.1583,3.0,0,0,0,0,0,1,0,23.0,83.1583,3.0,C
1,1,38.0,0,0,227.525,3.0,0,0,0,1,0,0,0,38.0,227.525,3.0,C
1,1,54.0,1,0,78.2667,4.0,0,0,0,1,0,0,0,54.0,78.2667,4.0,D
1,0,36.0,0,0,31.6792,1.0,0,0,0,1,0,0,0,36.0,31.6792,1.0,A
1,0,,0,0,221.7792,3.0,1,0,1,0,1,0,0,43.9,221.7792,3.0,C
1,1,,0,0,31.6833,,0,0,1,0,0,1,0,50.8,31.6833,4.0,D
1,1,,0,0,110.8833,,0,0,0,1,0,0,0,30.6,110.8833,4.0,D
1,1,36.0,0,0,26.3875,5.0,1,0,1,0,1,0,0,36.0,26.3875,5.0,E
1,0,30.0,0,0,27.75,3.0,1,0,0,0,1,0,0,30.0,27.75,3.0,C
1,1,24.0,3,2,263.0,3.0,0,0,1,1,0,0,0,24.0,263.0,3.0,C
1,1,28.0,3,2,263.0,3.0,0,0,1,1,0,0,0,28.0,263.0,3.0,C
1,1,23.0,3,2,263.0,3.0,0,0,1,1,0,0,0,23.0,263.0,3.0,C
1,0,19.0,3,2,263.0,3.0,1,0,1,0,1,0,0,19.0,263.0,3.0,C
1,0,64.0,1,4,263.0,3.0,1,0,1,0,1,0,0,64.0,263.0,3.0,C
1,1,60.0,1,4,263.0,3.0,0,0,1,0,0,1,0,60.0,263.0,3.0,C
1,1,30.0,0,0,56.9292,5.0,0,0,0,1,0,0,0,30.0,56.9292,5.0,E
1,0,,0,0,26.55,4.0,1,0,1,0,1,0,0,42.0,26.55,4.0,D
1,1,50.0,2,0,133.65,,1,0,1,0,0,0,1,50.0,133.65,2.0,B
1,1,43.0,1,0,27.7208,4.0,1,0,0,0,1,0,0,43.0,27.7208,4.0,D
1,1,,1,0,133.65,,0,0,1,0,0,1,0,26.5,133.65,3.0,C
1,1,22.0,0,2,49.5,2.0,0,0,0,1,0,0,0,22.0,49.5,2.0,B
1,1,60.0,1,1,79.2,2.0,1,0,0,0,1,0,0,60.0,79.2,2.0,B
1,1,48.0,1,1,79.2,2.0,0,0,0,0,0,1,0,48.0,79.2,2.0,B
1,0,,0,0,0.0,2.0,1,0,1,0,1,0,0,40.0,0.0,2.0,B
1,0,37.0,1,0,53.1,3.0,1,0,1,0,1,0,0,37.0,53.1,3.0,C
1,1,35.0,1,0,53.1,3.0,0,0,1,0,0,1,0,35.0,53.1,3.0,C
1,0,47.0,0,0,38.5,5.0,1,0,1,0,1,0,0,47.0,38.5,5.0,E
1,1,35.0,0,0,211.5,3.0,0,0,0,1,0,0,0,35.0,211.5,3.0,C
1,1,22.0,0,1,59.4,,0,0,0,1,0,0,0,22.0,59.4,2.0,B
1,1,45.0,0,1,59.4,,0,0,0,0,0,1,0,45.0,59.4,3.0,C
1,0,24.0,0,0,79.2,2.0,1,0,0,0,1,0,0,24.0,79.2,2.0,B
1,1,49.0,1,0,89.1042,3.0,1,0,0,0,1,0,0,49.0,89.1042,3.0,C
1,1,,1,0,89.1042,3.0,0,0,0,0,0,1,0,40.4,89.1042,3.0,C
1,0,71.0,0,0,34.6542,1.0,1,0,0,0,1,0,0,71.0,34.6542,1.0,A
1,1,53.0,0,0,28.5,3.0,1,0,0,0,0,0,1,53.0,28.5,3.0,C
1,1,19.0,0,0,30.0,2.0,0,0,1,1,0,0,0,19.0,30.0,2.0,B
1,0,38.0,0,1,153.4625,3.0,1,0,1,0,1,0,0,38.0,153.4625,3.0,C
1,1,58.0,0,1,153.4625,3.0,0,0,1,0,0,1,0,58.0,153.4625,3.0,C
1,1,23.0,0,1,63.3583,4.0,1,0,0,0,1,0,0,23.0,63.3583,4.0,D
1,1,45.0,0,1,63.3583,4.0,0,0,0,0,0,1,0,45.0,63.3583,4.0,D
1,0,46.0,0,0,79.2,2.0,1,0,0,0,1,0,0,46.0,79.2,2.0,B
1,1,25.0,1,0,55.4417,5.0,1,0,0,0,1,0,0,25.0,55.4417,5.0,E
1,1,25.0,1,0,55.4417,5.0,0,0,0,0,0,1,0,25.0,55.4417,5.0,E
1,1,48.0,1,0,76.7292,4.0,1,0,0,0,1,0,0,48.0,76.7292,4.0,D
1,1,49.0,1,0,76.7292,4.0,0,0,0,0,0,1,0,49.0,76.7292,4.0,D
1,0,,0,0,42.4,,1,0,1,0,1,0,0,47.0,42.4,4.0,D
1,0,45.0,1,0,83.475,3.0,1,0,1,0,1,0,0,45.0,83.475,3.0,C
1,1,35.0,1,0,83.475,3.0,0,0,1,0,0,1,0,35.0,83.475,3.0,C
1,0,40.0,0,0,0.0,2.0,1,0,1,0,1,0,0,40.0,0.0,2.0,B
1,1,27.0,0,0,76.7292,4.0,1,0,0,0,1,0,0,27.0,76.7292,4.0,D
1,1,,0,0,30.0,4.0,1,0,1,0,1,0,0,35.8,30.0,4.0,D
1,1,24.0,0,0,83.1583,3.0,0,0,0,1,0,0,0,24.0,83.1583,3.0,C
1,0,55.0,1,1,93.5,2.0,1,0,1,0,1,0,0,55.0,93.5,2.0,B
1,1,52.0,1,1,93.5,2.0,0,0,1,0,0,1,0,52.0,93.5,2.0,B
1,0,42.0,0,0,42.5,2.0,1,0,1,0,1,0,0,42.0,42.5,2.0,B
1,0,,0,0,51.8625,5.0,1,0,1,0,1,0,0,54.0,51.8625,5.0,E
1,0,55.0,0,0,50.0,3.0,1,0,1,0,1,0,0,55.0,50.0,3.0,C
1,1,16.0,0,1,57.9792,2.0,0,0,0,1,0,0,0,16.0,57.9792,2.0,B
1,1,44.0,0,1,57.9792,2.0,0,0,0,0,0,1,0,44.0,57.9792,2.0,B
1,1,51.0,1,0,77.9583,4.0,0,0,1,0,0,1,0,51.0,77.9583,4.0,D
1,0,42.0,1,0,52.0,,1,0,1,0,1,0,0,42.0,52.0,4.0,D
1,1,35.0,1,0,52.0,,0,0,1,0,0,1,0,35.0,52.0,3.0,C
1,1,35.0,0,0,26.55,,1,0,0,0,1,0,0,35.0,26.55,2.0,B
1,1,38.0,1,0,90.0,3.0,1,0,1,0,1,0,0,38.0,90.0,3.0,C
1,0,,0,0,30.6958,,1,0,0,0,1,0,0,56.0,30.6958,1.0,A
1,1,35.0,1,0,90.0,3.0,0,0,1,0,0,1,0,35.0,90.0,3.0,C
1,1,38.0,0,0,80.0,2.0,0,0,1,1,0,0,0,38.0,80.0,2.0,B
1,0,50.0,0,0,28.7125,3.0,0,0,0,1,0,0,0,50.0,28.7125,3.0,C
1,1,49.0,0,0,0.0,2.0,1,0,1,0,1,0,0,49.0,0.0,2.0,B
1,0,46.0,0,0,26.0,,1,0,1,0,1,0,0,46.0,26.0,4.0,D
1,0,50.0,0,0,26.0,5.0,1,0,1,0,1,0,0,50.0,26.0,5.0,E
1,0,32.5,0,0,211.5,3.0,1,0,0,0,1,0,0,32.5,211.5,3.0,C
1,0,58.0,0,0,29.7,2.0,1,0,0,0,1,0,0,58.0,29.7,2.0,B
1,0,41.0,1,0,51.8625,4.0,1,0,1,0,1,0,0,41.0,51.8625,4.0,D
1,1,,1,0,51.8625,4.0,0,0,1,0,0,1,0,44.0,51.8625,4.0,D
1,1,42.0,1,0,52.5542,4.0,1,0,1,0,1,0,0,42.0,52.5542,4.0,D
1,1,45.0,1,0,52.5542,4.0,0,0,1,0,0,1,0,45.0,52.5542,4.0,D
1,0,,0,0,26.55,3.0,1,0,1,0,1,0,0,62.0,26.55,3.0,C
1,1,39.0,0,0,211.3375,,0,0,1,1,0,0,0,39.0,211.3375,2.0,B
1,1,49.0,0,0,25.9292,4.0,0,0,1,0,0,0,1,49.0,25.9292,4.0,D
1,1,30.0,0,0,106.425,,0,0,0,1,0,0,0,30.0,106.425,4.0,D
1,1,35.0,0,0,512.3292,2.0,1,0,0,0,1,0,0,35.0,512.3292,2.0,B
1,0,,0,0,27.7208,,1,0,0,0,1,0,0,28.5,27.7208,4.0,D
1,0,42.0,0,0,26.55,,1,0,1,0,1,0,0,42.0,26.55,4.0,D
1,1,55.0,0,0,27.7208,,0,0,0,0,0,1,0,55.0,27.7208,2.0,B
1,1,16.0,0,1,39.4,4.0,0,0,1,1,0,0,0,16.0,39.4,4.0,D
1,1,51.0,0,1,39.4,4.0,0,0,1,0,0,1,0,51.0,39.4,4.0,D
1,0,29.0,0,0,30.0,4.0,1,0,1,0,1,0,0,29.0,30.0,4.0,D
1,1,21.0,0,0,77.9583,4.0,0,0,1,1,0,0,0,21.0,77.9583,4.0,D
1,0,30.0,0,0,45.5,,1,0,1,0,1,0,0,30.0,45.5,2.0,B
1,1,58.0,0,0,146.5208,2.0,0,0,0,1,0,0,0,58.0,146.5208,2.0,B
1,1,15.0,0,1,211.3375,2.0,0,0,1,1,0,0,0,15.0,211.3375,2.0,B
1,0,30.0,0,0,26.0,3.0,1,0,1,0,1,0,0,30.0,26.0,3.0,C
1,1,16.0,0,0,86.5,2.0,0,0,1,1,0,0,0,16.0,86.5,2.0,B
1,1,,0,0,29.7,3.0,1,0,0,0,1,0,0,27.0,29.7,3.0,C
1,0,19.0,1,0,53.1,4.0,1,0,1,0,1,0,0,19.0,53.1,4.0,D
1,1,18.0,1,0,53.1,4.0,0,0,1,0,0,1,0,18.0,53.1,4.0,D
1,1,24.0,0,0,49.5042,3.0,0,0,0,1,0,0,0,24.0,49.5042,3.0,C
1,0,46.0,0,0,75.2417,3.0,1,0,0,0,1,0,0,46.0,75.2417,3.0,C
1,0,54.0,0,0,51.8625,5.0,1,0,1,0,1,0,0,54.0,51.8625,5.0,E
1,1,36.0,0,0,26.2875,5.0,1,0,1,0,1,0,0,36.0,26.2875,5.0,E
1,0,28.0,1,0,82.1708,,1,0,0,0,1,0,0,28.0,82.1708,3.0,C
1,1,,1,0,82.1708,,0,0,0,0,0,1,0,49.0,82.1708,4.0,D
1,0,65.0,0,0,26.55,5.0,1,0,1,0,1,0,0,65.0,26.55,5.0,E
1,0,44.0,2,0,90.0,3.0,1,1,0,0,0,0,1,44.0,90.0,3.0,C
1,1,33.0,1,0,90.0,3.0,0,1,0,1,0,0,0,33.0,90.0,3.0,C
1,1,37.0,1,0,90.0,3.0,0,1,0,0,0,1,0,37.0,90.0,3.0,C
1,1,30.0,1,0,57.75,3.0,1,0,0,0,1,0,0,30.0,57.75,3.0,C
1,0,55.0,0,0,30.5,3.0,1,0,1,0,1,0,0,55.0,30.5,3.0,C
1,0,47.0,0,0,42.4,,1,0,1,0,1,0,0,47.0,42.4,4.0,D
1,0,37.0,0,1,29.7,3.0,1,0,0,0,1,0,0,37.0,29.7,3.0,C
1,1,31.0,1,0,113.275,4.0,0,0,0,1,0,0,0,31.0,113.275,4.0,D
1,1,23.0,1,0,113.275,4.0,0,0,0,1,0,0,0,23.0,113.275,4.0,D
1,0,58.0,0,2,113.275,4.0,1,0,0,0,1,0,0,58.0,113.275,4.0,D
1,1,19.0,0,2,26.2833,4.0,0,0,1,1,0,0,0,19.0,26.2833,4.0,D
1,0,64.0,0,0,26.0,,1,0,1,0,1,0,0,64.0,26.0,4.0,D
1,1,39.0,0,0,108.9,3.0,0,0,0,0,0,0,1,39.0,108.9,3.0,C
1,1,,0,0,25.7417,,1,0,0,0,1,0,0,35.0,25.7417,2.0,B
1,1,22.0,0,1,61.9792,2.0,0,0,0,1,0,0,0,22.0,61.9792,2.0,B
1,0,65.0,0,1,61.9792,2.0,1,0,0,0,1,0,0,65.0,61.9792,2.0,B
1,0,28.5,0,0,27.7208,4.0,1,0,0,0,1,0,0,28.5,27.7208,4.0,D
1,0,,0,0,0.0,,1,0,1,0,1,0,0,39.0,0.0,1.0,A
1,0,45.5,0,0,28.5,3.0,1,0,1,0,1,0,0,45.5,28.5,3.0,C
1,0,23.0,0,0,93.5,2.0,1,0,1,0,1,0,0,23.0,93.5,2.0,B
1,0,29.0,1,0,66.6,3.0,1,0,1,0,1,0,0,29.0,66.6,3.0,C
1,1,22.0,1,0,66.6,3.0,0,0,1,0,0,1,0,22.0,66.6,3.0,C
1,0,18.0,1,0,108.9,3.0,1,0,0,0,1,0,0,18.0,108.9,3.0,C
1,1,17.0,1,0,108.9,3.0,0,0,0,0,0,1,0,17.0,108.9,3.0,C
1,1,30.0,0,0,93.5,2.0,0,0,1,1,0,0,0,30.0,93.5,2.0,B
1,1,52.0,0,0,30.5,3.0,1,0,1,0,0,0,1,52.0,30.5,3.0,C
1,0,47.0,0,0,52.0,3.0,1,0,1,0,1,0,0,47.0,52.0,3.0,C
1,1,56.0,0,1,83.1583,3.0,0,0,0,0,0,1,0,56.0,83.1583,3.0,C
1,0,38.0,0,0,0.0,,1,0,1,0,0,0,1,38.0,0.0,2.0,B
1,1,,0,0,39.6,,1,0,1,0,1,0,0,30.0,39.6,2.0,B
1,0,22.0,0,0,135.6333,,1,0,0,0,1,0,0,22.0,135.6333,3.0,C
1,0,,0,0,227.525,,1,0,0,0,1,0,0,38.55,227.525,2.0,B
1,1,43.0,0,1,211.3375,2.0,0,0,1,0,0,1,0,43.0,211.3375,2.0,B
1,0,31.0,0,0,50.4958,1.0,1,0,1,0,1,0,0,31.0,50.4958,1.0,A
1,1,45.0,0,0,26.55,,1,0,1,0,1,0,0,45.0,26.55,5.0,E
1,0,,0,0,50.0,1.0,1,0,1,0,1,0,0,31.0,50.0,1.0,A
1,1,33.0,0,0,27.7208,1.0,0,0,0,1,0,0,0,33.0,27.7208,1.0,A
1,0,46.0,0,0,79.2,,1,0,0,0,1,0,0,46.0,79.2,2.0,B
1,0,36.0,0,0,40.125,1.0,1,0,0,0,1,0,0,36.0,40.125,1.0,A
1,1,33.0,0,0,86.5,2.0,0,0,1,0,0,0,1,33.0,86.5,2.0,B
1,0,55.0,1,0,59.4,,1,0,0,0,1,0,0,55.0,59.4,3.0,C
1,1,54.0,1,0,59.4,,0,0,0,0,0,1,0,54.0,59.4,3.0,C
1,0,33.0,0,0,26.55,,1,0,1,0,1,0,0,33.0,26.55,2.0,B
1,1,13.0,2,2,262.375,2.0,1,0,0,0,0,0,0,13.0,262.375,2.0,B
1,1,18.0,2,2,262.375,2.0,0,0,0,1,0,0,0,18.0,262.375,2.0,B
1,1,21.0,2,2,262.375,2.0,0,0,0,1,0,0,0,21.0,262.375,2.0,B
1,0,61.0,1,3,262.375,2.0,1,0,0,0,1,0,0,61.0,262.375,2.0,B
1,1,48.0,1,3,262.375,2.0,0,0,0,0,0,1,0,48.0,262.375,2.0,B
1,1,,0,0,30.5,3.0,1,0,1,0,1,0,0,27.0,30.5,3.0,C
1,1,24.0,0,0,69.3,2.0,0,0,0,1,0,0,0,24.0,69.3,2.0,B
1,1,,0,0,26.0,,1,0,1,0,1,0,0,37.3,26.0,5.0,E
1,1,35.0,1,0,57.75,3.0,0,0,0,0,0,1,0,35.0,57.75,3.0,C
1,1,30.0,0,0,31.0,,0,0,0,1,0,0,0,30.0,31.0,2.0,B
1,1,34.0,0,0,26.55,,1,0,1,0,1,0,0,34.0,26.55,5.0,E
1,1,40.0,0,0,153.4625,3.0,0,0,1,1,0,0,0,40.0,153.4625,3.0,C
1,1,35.0,0,0,26.2875,5.0,1,0,1,0,1,0,0,35.0,26.2875,5.0,E
1,0,50.0,1,0,55.9,5.0,1,0,1,0,1,0,0,50.0,55.9,5.0,E
1,1,39.0,1,0,55.9,5.0,0,0,1,0,0,1,0,39.0,55.9,5.0,E
1,1,56.0,0,0,35.5,1.0,1,0,0,0,0,0,1,56.0,35.5,1.0,A
1,1,28.0,0,0,35.5,1.0,1,0,1,0,1,0,0,28.0,35.5,1.0,A
1,0,56.0,0,0,26.55,,1,0,1,0,1,0,0,56.0,26.55,3.0,C
1,0,56.0,0,0,30.6958,1.0,1,0,0,0,1,0,0,56.0,30.6958,1.0,A
1,0,24.0,1,0,60.0,3.0,1,0,1,0,1,0,0,24.0,60.0,3.0,C
1,0,,0,0,26.0,1.0,1,0,1,0,1,0,0,36.5,26.0,1.0,A
1,1,18.0,1,0,60.0,3.0,0,0,1,0,0,1,0,18.0,60.0,3.0,C
1,1,24.0,1,0,82.2667,2.0,1,0,1,0,1,0,0,24.0,82.2667,2.0,B
1,1,23.0,1,0,82.2667,2.0,0,0,1,0,0,1,0,23.0,82.2667,2.0,B
1,1,6.0,0,2,134.5,5.0,1,0,0,0,0,0,0,6.0,134.5,5.0,E
1,1,45.0,1,1,134.5,5.0,1,0,0,0,1,0,0,45.0,134.5,5.0,E
1,1,40.0,1,1,134.5,5.0,0,0,0,0,0,1,0,40.0,134.5,5.0,E
1,0,57.0,1,0,146.5208,2.0,1,0,0,0,1,0,0,57.0,146.5208,2.0,B
1,1,,1,0,146.5208,2.0,0,0,0,0,0,1,0,20.4,146.5208,2.0,B
1,1,32.0,0,0,30.5,2.0,1,0,0,0,0,0,1,32.0,30.5,2.0,B
1,0,62.0,0,0,26.55,3.0,1,0,1,0,1,0,0,62.0,26.55,3.0,C
1,1,54.0,1,0,55.4417,3.0,1,0,0,0,1,0,0,54.0,55.4417,3.0,C
1,1,43.0,1,0,55.4417,3.0,0,0,0,0,0,1,0,43.0,55.4417,3.0,C
1,1,52.0,1,0,78.2667,4.0,0,0,0,0,0,1,0,52.0,78.2667,4.0,D
1,0,,0,0,27.7208,,1,0,0,0,1,0,0,28.5,27.7208,4.0,D
1,1,62.0,0,0,80.0,2.0,0,0,1,0,0,1,0,62.0,80.0,2.0,B
1,0,67.0,1,0,221.7792,3.0,1,0,1,0,1,0,0,67.0,221.7792,3.0,C
1,0,63.0,1,0,221.7792,3.0,0,0,1,0,0,1,0,63.0,221.7792,3.0,C
1,0,61.0,0,0,32.3208,4.0,1,0,1,0,1,0,0,61.0,32.3208,4.0,D
1,1,48.0,0,0,25.9292,4.0,0,0,1,0,0,1,0,48.0,25.9292,4.0,D
1,1,18.0,0,2,79.65,5.0,0,0,1,1,0,0,0,18.0,79.65,5.0,E
1,0,52.0,1,1,79.65,5.0,1,0,1,0,1,0,0,52.0,79.65,5.0,E
1,1,39.0,1,1,79.65,5.0,0,0,1,0,0,1,0,39.0,79.65,5.0,E
1,1,48.0,1,0,52.0,3.0,1,0,1,0,1,0,0,48.0,52.0,3.0,C
1,1,,1,0,52.0,3.0,0,0,1,0,0,1,0,35.0,52.0,3.0,C
1,0,49.0,1,1,110.8833,3.0,1,0,0,0,1,0,0,49.0,110.8833,3.0,C
1,1,17.0,0,2,110.8833,3.0,1,0,0,0,1,0,0,17.0,110.8833,3.0,C
1,1,39.0,1,1,110.8833,3.0,0,0,0,0,0,1,0,39.0,110.8833,3.0,C
1,1,,0,0,79.2,,0,0,0,0,0,1,0,57.35,79.2,4.0,D
1,1,31.0,0,0,28.5375,3.0,1,0,0,0,1,0,0,31.0,28.5375,3.0,C
1,0,40.0,0,0,27.7208,,1,0,0,0,0,0,1,40.0,27.7208,3.0,C
1,0,61.0,0,0,33.5,2.0,1,0,1,0,1,0,0,61.0,33.5,2.0,B
1,0,47.0,0,0,34.0208,4.0,1,0,1,0,1,0,0,47.0,34.0208,4.0,D
1,1,35.0,0,0,512.3292,,0,0,0,1,0,0,0,35.0,512.3292,2.0,B
1,0,64.0,1,0,75.25,4.0,1,0,0,0,1,0,0,64.0,75.25,4.0,D
1,1,60.0,1,0,75.25,4.0,0,0,0,0,0,1,0,60.0,75.25,4.0,D
1,0,60.0,0,0,26.55,,1,0,1,0,0,0,1,60.0,26.55,2.0,B
1,0,54.0,0,1,77.2875,4.0,1,0,1,0,1,0,0,54.0,77.2875,4.0,D
1,0,21.0,0,1,77.2875,4.0,1,0,1,0,1,0,0,21.0,77.2875,4.0,D
1,1,55.0,0,0,135.6333,3.0,0,0,0,0,0,1,0,55.0,135.6333,3.0,C
1,1,31.0,0,2,164.8667,3.0,0,0,1,1,0,0,0,31.0,164.8667,3.0,C
1,0,57.0,1,1,164.8667,,1,0,1,0,1,0,0,57.0,164.8667,2.0,B
1,1,45.0,1,1,164.8667,,0,0,1,0,0,1,0,45.0,164.8667,3.0,C
1,0,50.0,1,1,211.5,3.0,1,0,0,0,1,0,0,50.0,211.5,3.0,C
1,0,27.0,0,2,211.5,3.0,1,0,0,0,1,0,0,27.0,211.5,3.0,C
1,1,50.0,1,1,211.5,3.0,0,0,0,0,0,1,0,50.0,211.5,3.0,C
1,1,21.0,0,0,26.55,,0,0,1,1,0,0,0,21.0,26.55,3.0,C
1,0,51.0,0,1,61.3792,,1,0,0,0,1,0,0,51.0,61.3792,2.0,B
1,1,21.0,0,1,61.3792,,1,0,0,0,1,0,0,21.0,61.3792,4.0,D
1,0,,0,0,35.0,3.0,1,0,1,0,1,0,0,53.2,35.0,3.0,C
1,1,31.0,0,0,134.5,5.0,0,0,0,1,0,0,0,31.0,134.5,5.0,E
1,1,,0,0,35.5,3.0,1,0,1,0,1,0,0,27.2,35.5,3.0,C
1,0,62.0,0,0,26.55,,1,0,1,0,1,0,0,62.0,26.55,3.0,C
1,1,36.0,0,0,135.6333,3.0,0,0,0,1,0,0,0,36.0,135.6333,3.0,C
2,0,30.0,1,0,24.0,,1,0,0,0,1,0,0,30.0,24.0,4.0,D
2,1,28.0,1,0,24.0,,0,0,0,0,0,1,0,28.0,24.0,4.0,D
2,0,30.0,0,0,13.0,,1,0,1,0,1,0,0,30.0,13.0,5.0,E
2,0,18.0,0,0,11.5,,1,0,1,0,1,0,0,18.0,11.5,6.0,F
2,0,25.0,0,0,10.5,,1,0,1,0,1,0,0,25.0,10.5,6.0,F
2,0,34.0,1,0,26.0,,1,0,1,0,1,0,0,34.0,26.0,5.0,E
2,1,36.0,1,0,26.0,,0,0,1,0,0,1,0,36.0,26.0,5.0,E
2,0,57.0,0,0,13.0,,1,0,1,0,1,0,0,57.0,13.0,4.0,D
2,0,18.0,0,0,11.5,,1,0,1,0,1,0,0,18.0,11.5,6.0,F
2,0,23.0,0,0,10.5,,1,0,1,0,1,0,0,23.0,10.5,6.0,F
2,1,36.0,0,0,13.0,4.0,0,0,1,0,0,1,0,36.0,13.0,4.0,D
2,0,28.0,0,0,10.5,,1,0,1,0,1,0,0,28.0,10.5,6.0,F
2,0,51.0,0,0,12.525,,1,0,1,0,0,0,1,51.0,12.525,4.0,D
2,1,32.0,1,0,26.0,,1,0,1,0,1,0,0,32.0,26.0,5.0,E
2,1,19.0,1,0,26.0,,0,0,1,0,0,1,0,19.0,26.0,6.0,F
2,0,28.0,0,0,26.0,,1,0,1,0,1,0,0,28.0,26.0,6.0,F
2,1,1.0,2,1,39.0,6.0,1,0,1,0,0,0,0,1.0,39.0,6.0,F
2,1,4.0,2,1,39.0,6.0,0,0,1,1,0,0,0,4.0,39.0,6.0,F
2,1,12.0,2,1,39.0,6.0,0,0,1,1,0,0,0,12.0,39.0,6.0,F
2,1,36.0,0,3,39.0,6.0,0,0,1,0,0,1,0,36.0,39.0,6.0,F
2,1,34.0,0,0,13.0,4.0,1,0,1,0,1,0,0,34.0,13.0,4.0,D
2,1,19.0,0,0,13.0,,0,0,1,1,0,0,0,19.0,13.0,6.0,F
2,0,23.0,0,0,13.0,,1,0,1,0,1,0,0,23.0,13.0,6.0,F
2,0,26.0,0,0,13.0,,1,0,1,0,1,0,0,26.0,13.0,6.0,F
2,0,42.0,0,0,13.0,,1,0,1,0,1,0,0,42.0,13.0,4.0,D
2,0,27.0,0,0,13.0,,1,0,1,0,1,0,0,27.0,13.0,6.0,F
2,1,24.0,0,0,13.0,6.0,0,0,1,1,0,0,0,24.0,13.0,6.0,F
2,1,15.0,0,2,39.0,,0,0,1,1,0,0,0,15.0,39.0,6.0,F
2,0,60.0,1,1,39.0,,1,0,1,0,1,0,0,60.0,39.0,6.0,F
2,1,40.0,1,1,39.0,,0,0,1,0,0,1,0,40.0,39.0,6.0,F
2,1,20.0,1,0,26.0,,0,0,1,1,0,0,0,20.0,26.0,6.0,F
2,0,25.0,1,0,26.0,,1,0,1,0,1,0,0,25.0,26.0,6.0,F
2,1,36.0,0,0,13.0,,0,0,1,1,0,0,0,36.0,13.0,5.0,E
2,0,25.0,0,0,13.0,,1,0,1,0,1,0,0,25.0,13.0,6.0,F
2,0,42.0,0,0,13.0,,1,0,1,0,0,0,1,42.0,13.0,4.0,D
2,1,42.0,0,0,13.0,,0,0,1,0,0,1,0,42.0,13.0,4.0,D
2,1,0.8333,0,2,29.0,,1,0,1,0,0,0,0,0.8333,29.0,6.0,F
2,1,26.0,1,1,29.0,,1,0,1,0,1,0,0,26.0,29.0,6.0,F
2,1,22.0,1,1,29.0,,0,0,1,0,0,1,0,22.0,29.0,6.0,F
2,1,35.0,0,0,21.0,,0,0,1,1,0,0,0,35.0,21.0,5.0,E
2,0,,0,0,0.0,,1,0,1,0,1,0,0,22.4,0.0,6.0,F
2,0,19.0,0,0,13.0,,1,0,1,0,1,0,0,19.0,13.0,6.0,F
2,0,44.0,1,0,26.0,,0,0,1,0,0,1,0,44.0,26.0,5.0,E
2,0,54.0,1,0,26.0,,1,0,1,0,0,0,1,54.0,26.0,5.0,E
2,0,52.0,0,0,13.5,,1,0,1,0,1,0,0,52.0,13.5,4.0,D
2,0,37.0,1,0,26.0,,1,0,1,0,1,0,0,37.0,26.0,5.0,E
2,0,29.0,1,0,26.0,,0,0,1,0,0,1,0,29.0,26.0,6.0,F
2,1,25.0,1,1,30.0,,0,0,1,1,0,0,0,25.0,30.0,6.0,F
2,1,45.0,0,2,30.0,,0,0,1,0,0,1,0,45.0,30.0,6.0,F
2,0,29.0,1,0,26.0,,1,0,1,0,1,0,0,29.0,26.0,6.0,F
2,1,28.0,1,0,26.0,,0,0,1,0,0,1,0,28.0,26.0,6.0,F
2,0,29.0,0,0,10.5,,1,0,1,0,1,0,0,29.0,10.5,6.0,F
2,0,28.0,0,0,13.0,,1,0,1,0,1,0,0,28.0,13.0,6.0,F
2,1,24.0,0,0,10.5,,1,0,1,0,1,0,0,24.0,10.5,6.0,F
2,1,8.0,0,2,26.25,,0,0,1,1,0,0,0,8.0,26.25,6.0,F
2,0,31.0,1,1,26.25,,1,0,1,0,1,0,0,31.0,26.25,6.0,F
2,1,31.0,1,1,26.25,,0,0,1,0,0,1,0,31.0,26.25,6.0,F
2,1,22.0,0,0,10.5,6.0,0,0,1,0,0,1,0,22.0,10.5,6.0,F
2,0,30.0,0,0,13.0,,0,0,1,0,0,1,0,30.0,13.0,5.0,E
2,0,,0,0,21.0,,0,0,1,0,0,1,0,22.0,21.0,6.0,F
2,0,21.0,0,0,11.5,,1,0,1,0,1,0,0,21.0,11.5,6.0,F
2,0,,0,0,0.0,,1,0,1,0,1,0,0,22.4,0.0,6.0,F
2,1,8.0,1,1,36.75,,1,0,1,0,0,0,0,8.0,36.75,6.0,F
2,0,18.0,0,0,73.5,,1,0,1,0,1,0,0,18.0,73.5,6.0,F
2,1,48.0,0,2,36.75,,0,0,1,0,0,1,0,48.0,36.75,6.0,F
2,1,28.0,0,0,13.0,,0,0,1,1,0,0,0,28.0,13.0,6.0,F
2,0,32.0,0,0,13.0,,1,0,1,0,1,0,0,32.0,13.0,5.0,E
2,0,17.0,0,0,73.5,,1,0,1,0,1,0,0,17.0,73.5,6.0,F
2,0,29.0,1,0,27.7208,,1,0,0,0,1,0,0,29.0,27.7208,4.0,D
2,1,24.0,1,0,27.7208,,0,0,0,0,0,1,0,24.0,27.7208,4.0,D
2,0,25.0,0,0,31.5,,1,0,1,0,1,0,0,25.0,31.5,6.0,F
2,0,18.0,0,0,73.5,,1,0,1,0,1,0,0,18.0,73.5,6.0,F
2,1,18.0,0,1,23.0,,0,0,1,1,0,0,0,18.0,23.0,6.0,F
2,1,34.0,0,1,23.0,,0,0,1,0,0,1,0,34.0,23.0,6.0,F
2,0,54.0,0,0,26.0,,1,0,1,0,1,0,0,54.0,26.0,5.0,E
2,1,8.0,0,2,32.5,,1,0,1,0,0,0,0,8.0,32.5,6.0,F
2,0,42.0,1,1,32.5,,1,0,1,0,1,0,0,42.0,32.5,6.0,F
2,1,34.0,1,1,32.5,,0,0,1,0,0,1,0,34.0,32.5,6.0,F
2,1,27.0,1,0,13.8583,,0,0,0,1,0,0,0,27.0,13.8583,4.0,D
2,1,30.0,1,0,13.8583,,0,0,0,1,0,0,0,30.0,13.8583,4.0,D
2,0,23.0,0,0,13.0,,1,0,1,0,1,0,0,23.0,13.0,6.0,F
2,0,21.0,0,0,13.0,,1,0,1,0,1,0,0,21.0,13.0,6.0,F
2,0,18.0,0,0,13.0,,1,0,1,0,1,0,0,18.0,13.0,6.0,F
2,0,40.0,1,0,26.0,,1,0,1,0,1,0,0,40.0,26.0,5.0,E
2,1,29.0,1,0,26.0,,0,0,1,0,0,1,0,29.0,26.0,6.0,F
2,0,18.0,0,0,10.5,,1,0,1,0,1,0,0,18.0,10.5,6.0,F
2,0,36.0,0,0,13.0,,1,0,1,0,1,0,0,36.0,13.0,4.0,D
2,0,,0,0,0.0,,1,0,1,0,1,0,0,22.4,0.0,6.0,F
2,0,38.0,0,0,13.0,,0,0,1,1,0,0,0,38.0,13.0,5.0,E
2,0,35.0,0,0,26.0,,1,0,1,0,1,0,0,35.0,26.0,5.0,E
2,0,38.0,1,0,21.0,,1,0,1,0,1,0,0,38.0,21.0,5.0,E
2,0,34.0,1,0,21.0,,1,0,1,0,1,0,0,34.0,21.0,5.0,E
2,1,34.0,0,0,13.0,,0,0,1,1,0,0,0,34.0,13.0,5.0,E
2,0,16.0,0,0,26.0,,1,0,1,0,1,0,0,16.0,26.0,6.0,F
2,0,26.0,0,0,10.5,,1,0,1,0,1,0,0,26.0,10.5,6.0,F
2,0,47.0,0,0,10.5,,1,0,1,0,1,0,0,47.0,10.5,5.0,E
2,0,21.0,1,0,11.5,,1,0,1,0,1,0,0,21.0,11.5,6.0,F
2,0,21.0,1,0,11.5,,1,0,1,0,1,0,0,21.0,11.5,6.0,F
2,0,24.0,0,0,13.5,,1,0,1,0,1,0,0,24.0,13.5,6.0,F
2,0,24.0,0,0,13.0,,1,0,1,0,1,0,0,24.0,13.0,6.0,F
2,0,34.0,0,0,13.0,,1,0,1,0,1,0,0,34.0,13.0,4.0,D
2,0,30.0,0,0,13.0,,1,0,1,0,1,0,0,30.0,13.0,5.0,E
2,0,52.0,0,0,13.0,,1,0,1,0,1,0,0,52.0,13.0,4.0,D
2,0,30.0,0,0,13.0,,1,0,1,0,1,0,0,30.0,13.0,5.0,E
2,1,0.6667,1,1,14.5,,1,0,1,0,0,0,0,0.6667,14.5,6.0,F
2,1,24.0,0,2,14.5,,0,0,1,0,0,1,0,24.0,14.5,6.0,F
2,0,44.0,0,0,13.0,,1,0,1,0,1,0,0,44.0,13.0,4.0,D
2,1,6.0,0,1,33.0,,0,0,1,1,0,0,0,6.0,33.0,6.0,F
2,0,28.0,0,1,33.0,,1,0,1,0,0,0,1,28.0,33.0,6.0,F
2,1,62.0,0,0,10.5,,1,0,1,0,1,0,0,62.0,10.5,5.0,E
2,0,30.0,0,0,10.5,,1,0,1,0,1,0,0,30.0,10.5,6.0,F
2,1,7.0,0,2,26.25,,0,0,1,1,0,0,0,7.0,26.25,6.0,F
2,0,43.0,1,1,26.25,,1,0,1,0,1,0,0,43.0,26.25,6.0,F
2,1,45.0,1,1,26.25,,0,0,1,0,0,1,0,45.0,26.25,6.0,F
2,1,24.0,1,2,65.0,,0,0,1,1,0,0,0,24.0,65.0,6.0,F
2,1,24.0,1,2,65.0,,0,0,1,1,0,0,0,24.0,65.0,6.0,F
2,0,49.0,1,2,65.0,,1,0,1,0,1,0,0,49.0,65.0,6.0,F
2,1,48.0,1,2,65.0,,0,0,1,0,0,1,0,48.0,65.0,6.0,F
2,1,55.0,0,0,16.0,,0,0,1,0,0,1,0,55.0,16.0,4.0,D
2,0,24.0,2,0,73.5,,1,0,1,0,1,0,0,24.0,73.5,6.0,F
2,0,32.0,2,0,73.5,,1,0,1,0,1,0,0,32.0,73.5,6.0,F
2,0,21.0,2,0,73.5,,1,0,1,0,1,0,0,21.0,73.5,6.0,F
2,0,18.0,1,1,13.0,,0,0,1,1,0,0,0,18.0,13.0,6.0,F
2,1,20.0,2,1,23.0,,0,0,1,1,0,0,0,20.0,23.0,6.0,F
2,0,23.0,2,1,11.5,,1,0,1,0,1,0,0,23.0,11.5,6.0,F
2,0,36.0,0,0,13.0,,1,0,1,0,1,0,0,36.0,13.0,4.0,D
2,1,54.0,1,3,23.0,,0,0,1,0,0,1,0,54.0,23.0,6.0,F
2,0,50.0,0,0,13.0,,1,0,1,0,1,0,0,50.0,13.0,4.0,D
2,0,44.0,1,0,26.0,,1,0,1,0,1,0,0,44.0,26.0,5.0,E
2,1,29.0,1,0,26.0,,0,0,1,0,0,1,0,29.0,26.0,6.0,F
2,0,21.0,0,0,73.5,,1,0,1,0,1,0,0,21.0,73.5,6.0,F
2,1,42.0,0,0,13.0,,1,0,1,0,1,0,0,42.0,13.0,4.0,D
2,0,63.0,1,0,26.0,,1,0,1,0,1,0,0,63.0,26.0,5.0,E
2,0,60.0,1,0,26.0,,0,0,1,0,0,1,0,60.0,26.0,5.0,E
2,0,33.0,0,0,12.275,,1,0,1,0,1,0,0,33.0,12.275,5.0,E
2,1,17.0,0,0,10.5,,0,0,1,1,0,0,0,17.0,10.5,5.0,E
2,0,42.0,1,0,27.0,,1,0,1,0,1,0,0,42.0,27.0,5.0,E
2,1,24.0,2,1,27.0,,0,0,1,0,0,1,0,24.0,27.0,6.0,F
2,0,47.0,0,0,15.0,,1,0,1,0,1,0,0,47.0,15.0,4.0,D
2,0,24.0,2,0,31.5,,1,0,1,0,1,0,0,24.0,31.5,6.0,F
2,0,22.0,2,0,31.5,,1,0,1,0,1,0,0,22.0,31.5,6.0,F
2,0,32.0,0,0,10.5,,1,0,1,0,1,0,0,32.0,10.5,6.0,F
2,1,23.0,0,0,13.7917,4.0,0,0,0,0,0,1,0,23.0,13.7917,4.0,D
2,0,34.0,1,0,26.0,,1,0,1,0,1,0,0,34.0,26.0,5.0,E
2,1,24.0,1,0,26.0,,0,0,1,0,0,1,0,24.0,26.0,6.0,F
2,0,22.0,0,0,21.0,,0,0,1,0,0,1,0,22.0,21.0,6.0,F
2,1,,0,0,12.35,5.0,0,1,0,1,0,0,0,30.0,12.35,5.0,E
2,0,35.0,0,0,12.35,,1,1,0,0,1,0,0,35.0,12.35,4.0,D
2,1,45.0,0,0,13.5,,0,0,1,0,0,1,0,45.0,13.5,4.0,D
2,0,57.0,0,0,12.35,,1,1,0,0,0,0,1,57.0,12.35,4.0,D
2,0,,0,0,0.0,,1,0,1,0,1,0,0,22.4,0.0,6.0,F
2,0,31.0,0,0,10.5,,1,0,1,0,1,0,0,31.0,10.5,6.0,F
2,0,26.0,1,1,26.0,,0,0,1,0,0,1,0,26.0,26.0,6.0,F
2,0,30.0,1,1,26.0,,1,0,1,0,0,0,1,30.0,26.0,6.0,F
2,0,,0,0,10.7083,,1,1,0,0,1,0,0,59.2,10.7083,4.0,D
2,1,1.0,1,2,41.5792,,0,0,0,1,0,0,0,1.0,41.5792,5.0,E
2,1,3.0,1,2,41.5792,,0,0,0,1,0,0,0,3.0,41.5792,5.0,E
2,0,25.0,1,2,41.5792,,1,0,0,0,1,0,0,25.0,41.5792,5.0,E
2,1,22.0,1,2,41.5792,,0,0,0,0,0,1,0,22.0,41.5792,5.0,E
2,1,17.0,0,0,12.0,,0,0,0,1,0,0,0,17.0,12.0,4.0,D
2,1,,0,0,33.0,,0,0,1,1,0,0,0,20.4,33.0,6.0,F
2,1,34.0,0,0,10.5,6.0,0,0,1,0,0,1,0,34.0,10.5,6.0,F
2,0,36.0,0,0,12.875,4.0,1,0,0,0,1,0,0,36.0,12.875,4.0,D
2,0,24.0,0,0,10.5,,1,0,1,0,1,0,0,24.0,10.5,6.0,F
2,0,61.0,0,0,12.35,,1,1,0,0,1,0,0,61.0,12.35,4.0,D
2,0,50.0,1,0,26.0,,1,0,1,0,1,0,0,50.0,26.0,5.0,E
2,1,42.0,1,0,26.0,,0,0,1,0,0,1,0,42.0,26.0,5.0,E
2,0,57.0,0,0,10.5,5.0,0,0,1,0,0,1,0,57.0,10.5,5.0,E
2,0,,0,0,15.0458,4.0,1,0,0,0,1,0,0,32.0,15.0458,4.0,D
2,1,1.0,0,2,37.0042,,1,0,0,0,0,0,0,1.0,37.0042,5.0,E
2,0,31.0,1,1,37.0042,,1,0,0,0,1,0,0,31.0,37.0042,5.0,E
2,1,24.0,1,1,37.0042,,0,0,0,0,0,1,0,24.0,37.0042,5.0,E
2,0,,0,0,15.5792,,1,0,0,0,1,0,0,32.0,15.5792,4.0,D
2,0,30.0,0,0,13.0,,1,0,1,0,1,0,0,30.0,13.0,5.0,E
2,0,40.0,0,0,16.0,,1,0,1,0,1,0,0,40.0,16.0,4.0,D
2,0,32.0,0,0,13.5,,1,0,1,0,1,0,0,32.0,13.5,5.0,E
2,0,30.0,0,0,13.0,,1,0,1,0,1,0,0,30.0,13.0,5.0,E
2,0,46.0,0,0,26.0,,1,0,1,0,1,0,0,46.0,26.0,5.0,E
2,1,13.0,0,1,19.5,,0,0,1,1,0,0,0,13.0,19.5,6.0,F
2,1,41.0,0,1,19.5,,0,0,1,0,0,1,0,41.0,19.5,5.0,E
2,1,19.0,0,0,10.5,,1,0,1,0,1,0,0,19.0,10.5,6.0,F
2,0,39.0,0,0,13.0,,1,0,1,0,1,0,0,39.0,13.0,4.0,D
2,0,48.0,0,0,13.0,,1,0,1,0,1,0,0,48.0,13.0,4.0,D
2,0,70.0,0,0,10.5,,1,0,1,0,1,0,0,70.0,10.5,5.0,E
2,0,27.0,0,0,13.0,,1,0,1,0,0,0,1,27.0,13.0,6.0,F
2,0,54.0,0,0,14.0,,1,0,1,0,0,0,1,54.0,14.0,4.0,D
2,0,39.0,0,0,26.0,,1,0,1,0,1,0,0,39.0,26.0,5.0,E
2,0,16.0,0,0,10.5,,1,0,1,0,1,0,0,16.0,10.5,6.0,F
2,0,62.0,0,0,9.6875,,1,1,0,0,1,0,0,62.0,9.6875,5.0,E
2,0,32.5,1,0,30.0708,,1,0,0,0,1,0,0,32.5,30.0708,4.0,D
2,1,14.0,1,0,30.0708,,0,0,0,0,0,1,0,14.0,30.0708,4.0,D
2,1,2.0,1,1,26.0,6.0,1,0,1,0,0,0,0,2.0,26.0,6.0,F
2,1,3.0,1,1,26.0,6.0,1,0,1,0,0,0,0,3.0,26.0,6.0,F
2,0,36.5,0,2,26.0,6.0,1,0,1,0,1,0,0,36.5,26.0,6.0,F
2,0,26.0,0,0,13.0,6.0,1,0,1,0,1,0,0,26.0,13.0,6.0,F
2,0,19.0,1,1,36.75,,1,0,1,0,1,0,0,19.0,36.75,6.0,F
2,0,28.0,0,0,13.5,,1,0,1,0,1,0,0,28.0,13.5,6.0,F
2,1,20.0,0,0,13.8625,4.0,1,0,0,0,1,0,0,20.0,13.8625,4.0,D
2,1,29.0,0,0,10.5,6.0,0,0,1,0,0,1,0,29.0,10.5,6.0,F
2,0,39.0,0,0,13.0,,1,0,1,0,1,0,0,39.0,13.0,4.0,D
2,1,22.0,0,0,10.5,,1,0,1,0,1,0,0,22.0,10.5,6.0,F
2,1,,0,0,13.8625,,1,0,0,0,1,0,0,20.0,13.8625,4.0,D
2,0,23.0,0,0,10.5,,1,0,1,0,0,0,1,23.0,10.5,6.0,F
2,1,29.0,0,0,13.8583,,1,0,0,0,1,0,0,29.0,13.8583,4.0,D
2,0,28.0,0,0,10.5,,1,0,1,0,1,0,0,28.0,10.5,6.0,F
2,0,,0,0,0.0,,1,0,1,0,1,0,0,22.4,0.0,6.0,F
2,1,50.0,0,1,26.0,,0,0,1,0,0,1,0,50.0,26.0,6.0,F
2,0,19.0,0,0,10.5,,1,0,1,0,1,0,0,19.0,10.5,6.0,F
2,0,,0,0,15.05,,1,0,0,0,1,0,0,32.0,15.05,4.0,D
2,0,41.0,0,0,13.0,,1,0,1,0,0,0,1,41.0,13.0,4.0,D
2,1,21.0,0,1,21.0,,0,0,1,1,0,0,0,21.0,21.0,6.0,F
2,1,19.0,0,0,26.0,,0,0,1,1,0,0,0,19.0,26.0,6.0,F
2,0,43.0,0,1,21.0,,1,0,1,0,1,0,0,43.0,21.0,6.0,F
2,1,32.0,0,0,13.0,,0,0,1,0,0,1,0,32.0,13.0,4.0,D
2,0,34.0,0,0,13.0,,1,0,1,0,1,0,0,34.0,13.0,4.0,D
2,1,30.0,0,0,12.7375,,1,0,0,0,1,0,0,30.0,12.7375,4.0,D
2,0,27.0,0,0,15.0333,,1,0,0,0,1,0,0,27.0,15.0333,4.0,D
2,1,2.0,1,1,26.0,,0,0,1,1,0,0,0,2.0,26.0,6.0,F
2,1,8.0,1,1,26.0,,0,0,1,1,0,0,0,8.0,26.0,6.0,F
2,1,33.0,0,2,26.0,,0,0,1,0,0,1,0,33.0,26.0,6.0,F
2,0,36.0,0,0,10.5,,1,0,1,0,1,0,0,36.0,10.5,5.0,E
2,0,34.0,1,0,21.0,,1,0,1,0,1,0,0,34.0,21.0,5.0,E
2,1,30.0,3,0,21.0,,0,0,1,0,0,1,0,30.0,21.0,5.0,E
2,1,28.0,0,0,13.0,,0,0,1,1,0,0,0,28.0,13.0,6.0,F
2,0,23.0,0,0,15.0458,,1,0,0,0,1,0,0,23.0,15.0458,4.0,D
2,1,0.8333,1,1,18.75,,1,0,1,0,0,0,0,0.8333,18.75,6.0,F
2,1,3.0,1,1,18.75,,1,0,1,0,0,0,0,3.0,18.75,6.0,F
2,1,24.0,2,3,18.75,,0,0,1,0,0,1,0,24.0,18.75,6.0,F
2,1,50.0,0,0,10.5,,0,0,1,1,0,0,0,50.0,10.5,5.0,E
2,0,19.0,0,0,10.5,,1,0,1,0,1,0,0,19.0,10.5,6.0,F
2,1,21.0,0,0,10.5,,0,0,1,1,0,0,0,21.0,10.5,5.0,E
2,0,26.0,0,0,13.0,,1,0,1,0,1,0,0,26.0,13.0,6.0,F
2,0,25.0,0,0,13.0,,1,0,1,0,1,0,0,25.0,13.0,6.0,F
2,0,27.0,0,0,26.0,,1,0,1,0,1,0,0,27.0,26.0,6.0,F
2,1,25.0,0,1,26.0,,0,0,1,0,0,1,0,25.0,26.0,6.0,F
2,1,18.0,0,2,13.0,,0,0,1,1,0,0,0,18.0,13.0,6.0,F
2,1,20.0,0,0,36.75,,0,0,1,1,0,0,0,20.0,36.75,6.0,F
2,1,30.0,0,0,13.0,,0,0,1,1,0,0,0,30.0,13.0,5.0,E
2,0,59.0,0,0,13.5,,1,0,1,0,1,0,0,59.0,13.5,4.0,D
2,1,30.0,0,0,12.35,,0,1,0,1,0,0,0,30.0,12.35,5.0,E
2,0,35.0,0,0,10.5,,1,0,1,0,1,0,0,35.0,10.5,5.0,E
2,1,40.0,0,0,13.0,,0,0,1,1,0,0,0,40.0,13.0,5.0,E
2,0,25.0,0,0,13.0,,1,0,1,0,1,0,0,25.0,13.0,6.0,F
2,0,41.0,0,0,15.0458,,1,0,0,0,1,0,0,41.0,15.0458,4.0,D
2,0,25.0,0,0,10.5,,1,0,1,0,1,0,0,25.0,10.5,6.0,F
2,0,18.5,0,0,13.0,6.0,1,0,1,0,1,0,0,18.5,13.0,6.0,F
2,0,14.0,0,0,65.0,,1,0,1,0,1,0,0,14.0,65.0,6.0,F
2,1,50.0,0,0,10.5,,0,0,1,1,0,0,0,50.0,10.5,5.0,E
2,0,23.0,0,0,13.0,,1,0,1,0,1,0,0,23.0,13.0,6.0,F
2,1,28.0,0,0,12.65,,0,0,1,0,0,1,0,28.0,12.65,5.0,E
2,1,27.0,0,0,10.5,5.0,0,0,1,1,0,0,0,27.0,10.5,5.0,E
2,0,29.0,1,0,21.0,,1,0,1,0,1,0,0,29.0,21.0,6.0,F
2,0,27.0,1,0,21.0,,0,0,1,0,0,1,0,27.0,21.0,6.0,F
2,0,40.0,0,0,13.0,,1,0,1,0,1,0,0,40.0,13.0,4.0,D
2,1,31.0,0,0,21.0,,0,0,1,1,0,0,0,31.0,21.0,5.0,E
2,0,30.0,1,0,21.0,,1,0,1,0,1,0,0,30.0,21.0,6.0,F
2,0,23.0,1,0,10.5,,1,0,1,0,1,0,0,23.0,10.5,6.0,F
2,1,31.0,0,0,21.0,,0,0,1,0,0,1,0,31.0,21.0,5.0,E
2,0,,0,0,0.0,,1,0,1,0,1,0,0,22.4,0.0,6.0,F
2,1,12.0,0,0,15.75,,0,0,1,1,0,0,0,12.0,15.75,6.0,F
2,1,40.0,0,0,15.75,,0,0,1,0,0,1,0,40.0,15.75,4.0,D
2,1,32.5,0,0,13.0,5.0,0,0,1,1,0,0,0,32.5,13.0,5.0,E
2,0,27.0,1,0,26.0,,1,0,1,0,1,0,0,27.0,26.0,6.0,F
2,1,29.0,1,0,26.0,,0,0,1,0,0,1,0,29.0,26.0,6.0,F
2,1,2.0,1,1,23.0,,1,0,1,0,0,0,0,2.0,23.0,6.0,F
2,1,4.0,1,1,23.0,,0,0,1,1,0,0,0,4.0,23.0,6.0,F
2,1,29.0,0,2,23.0,,0,0,1,0,0,1,0,29.0,23.0,6.0,F
2,1,0.9167,1,2,27.75,,0,0,1,1,0,0,0,0.9167,27.75,6.0,F
2,1,5.0,1,2,27.75,,0,0,1,1,0,0,0,5.0,27.75,6.0,F
2,0,36.0,1,2,27.75,,1,0,1,0,1,0,0,36.0,27.75,6.0,F
2,1,33.0,1,2,27.75,,0,0,1,0,0,1,0,33.0,27.75,6.0,F
2,0,66.0,0,0,10.5,,1,0,1,0,1,0,0,66.0,10.5,5.0,E
2,0,,0,0,12.875,,1,0,1,0,1,0,0,32.1,12.875,5.0,E
2,1,31.0,0,0,13.0,,1,0,1,0,1,0,0,31.0,13.0,5.0,E
2,1,,0,0,13.0,,1,0,1,0,1,0,0,38.0,13.0,4.0,D
2,1,26.0,0,0,13.5,,0,0,1,1,0,0,0,26.0,13.5,6.0,F
2,0,24.0,0,0,13.0,,0,0,1,1,0,0,0,24.0,13.0,6.0,F
3,0,42.0,0,0,7.55,,1,0,1,0,1,0,0,42.0,7.55,6.0,F
3,0,13.0,0,2,20.25,,1,0,1,0,0,0,0,13.0,20.25,5.0,E
3,0,16.0,1,1,20.25,,1,0,1,0,1,0,0,16.0,20.25,5.0,E
3,1,35.0,1,1,20.25,,0,0,1,0,0,1,0,35.0,20.25,6.0,F
3,1,16.0,0,0,7.65,,0,0,1,1,0,0,0,16.0,7.65,6.0,F
3,1,25.0,0,0,7.65,6.0,1,0,1,0,1,0,0,25.0,7.65,6.0,F
3,1,20.0,0,0,7.925,,1,0,1,0,1,0,0,20.0,7.925,6.0,F
3,1,18.0,0,0,7.2292,,0,0,0,0,0,1,0,18.0,7.2292,6.0,F
3,0,30.0,0,0,7.25,,1,0,1,0,1,0,0,30.0,7.25,6.0,F
3,0,26.0,0,0,8.05,,1,0,1,0,1,0,0,26.0,8.05,6.0,F
3,0,40.0,1,0,9.475,,0,0,1,0,0,1,0,40.0,9.475,6.0,F
3,1,0.8333,0,1,9.35,,1,0,1,0,0,0,0,0.8333,9.35,5.0,E
3,1,18.0,0,1,9.35,,0,0,1,0,0,1,0,18.0,9.35,6.0,F
3,1,26.0,0,0,18.7875,,1,0,0,0,1,0,0,26.0,18.7875,5.0,E
3,0,26.0,0,0,7.8875,,1,0,1,0,1,0,0,26.0,7.8875,6.0,F
3,0,20.0,0,0,7.925,,1,0,1,0,1,0,0,20.0,7.925,6.0,F
3,0,24.0,0,0,7.05,,1,0,1,0,1,0,0,24.0,7.05,6.0,F
3,0,25.0,0,0,7.05,,1,0,1,0,1,0,0,25.0,7.05,6.0,F
3,0,35.0,0,0,8.05,,1,0,1,0,1,0,0,35.0,8.05,6.0,F
3,0,18.0,0,0,8.3,,1,0,1,0,1,0,0,18.0,8.3,6.0,F
3,0,32.0,0,0,22.525,,1,0,1,0,1,0,0,32.0,22.525,5.0,E
3,1,19.0,1,0,7.8542,,0,0,1,1,0,0,0,19.0,7.8542,6.0,F
3,0,4.0,4,2,31.275,,1,0,1,0,0,0,0,4.0,31.275,5.0,E
3,0,6.0,4,2,31.275,,0,0,1,1,0,0,0,6.0,31.275,7.0,G
3,0,2.0,4,2,31.275,,0,0,1,1,0,0,0,2.0,31.275,7.0,G
3,1,17.0,4,2,7.925,,0,0,1,1,0,0,0,17.0,7.925,6.0,F
3,0,38.0,4,2,7.775,,0,0,1,1,0,0,0,38.0,7.775,7.0,G
3,0,9.0,4,2,31.275,,0,0,1,1,0,0,0,9.0,31.275,7.0,G
3,0,11.0,4,2,31.275,,0,0,1,1,0,0,0,11.0,31.275,7.0,G
3,0,39.0,1,5,31.275,,1,0,1,0,1,0,0,39.0,31.275,5.0,E
3,1,27.0,0,0,7.7958,,1,0,1,0,1,0,0,27.0,7.7958,6.0,F
3,0,26.0,0,0,7.775,,1,0,1,0,1,0,0,26.0,7.775,6.0,F
3,0,39.0,1,5,31.275,,0,0,1,0,0,1,0,39.0,31.275,7.0,G
3,0,20.0,0,0,7.8542,,1,0,1,0,1,0,0,20.0,7.8542,6.0,F
3,0,26.0,0,0,7.8958,,1,0,1,0,1,0,0,26.0,7.8958,6.0,F
3,0,25.0,1,0,17.8,,1,0,1,0,1,0,0,25.0,17.8,6.0,F
3,0,18.0,1,0,17.8,,0,0,1,0,0,1,0,18.0,17.8,7.0,G
3,0,24.0,0,0,7.775,,1,0,1,0,1,0,0,24.0,7.775,6.0,F
3,0,35.0,0,0,7.05,,1,0,1,0,1,0,0,35.0,7.05,6.0,F
3,0,5.0,4,2,31.3875,,1,0,1,0,0,0,0,5.0,31.3875,5.0,E
3,0,9.0,4,2,31.3875,,1,0,1,0,0,0,0,9.0,31.3875,5.0,E
3,1,3.0,4,2,31.3875,,1,0,1,0,0,0,0,3.0,31.3875,5.0,E
3,0,13.0,4,2,31.3875,,1,0,1,0,0,0,0,13.0,31.3875,5.0,E
3,1,5.0,4,2,31.3875,,0,0,1,1,0,0,0,5.0,31.3875,6.0,F
3,0,40.0,1,5,31.3875,,1,0,1,0,1,0,0,40.0,31.3875,5.0,E
3,1,23.0,0,0,7.7958,,1,0,1,0,1,0,0,23.0,7.7958,6.0,F
3,1,38.0,1,5,31.3875,,0,0,1,0,0,1,0,38.0,31.3875,6.0,F
3,1,45.0,0,0,7.225,,0,0,0,0,0,1,0,45.0,7.225,5.0,E
3,0,21.0,0,0,7.225,,1,0,0,0,1,0,0,21.0,7.225,6.0,F
3,0,23.0,0,0,7.05,,1,0,1,0,1,0,0,23.0,7.05,6.0,F
3,0,17.0,0,0,14.4583,,0,0,0,1,0,0,0,17.0,14.4583,6.0,F
3,0,30.0,0,0,7.225,,1,0,0,0,1,0,0,30.0,7.225,6.0,F
3,0,23.0,0,0,7.8542,,1,0,1,0,1,0,0,23.0,7.8542,6.0,F
3,1,13.0,0,0,7.2292,,0,0,0,1,0,0,0,13.0,7.2292,6.0,F
3,0,20.0,0,0,7.225,,1,0,0,0,1,0,0,20.0,7.225,6.0,F
3,0,32.0,1,0,15.85,,1,0,1,0,1,0,0,32.0,15.85,5.0,E
3,1,33.0,3,0,15.85,,0,0,1,0,0,1,0,33.0,15.85,6.0,F
3,1,0.75,2,1,19.2583,,0,0,0,1,0,0,0,0.75,19.2583,6.0,F
3,1,0.75,2,1,19.2583,,0,0,0,1,0,0,0,0.75,19.2583,6.0,F
3,1,5.0,2,1,19.2583,,0,0,0,1,0,0,0,5.0,19.2583,6.0,F
3,1,24.0,0,3,19.2583,,0,0,0,0,0,1,0,24.0,19.2583,6.0,F
3,1,18.0,0,0,8.05,,0,0,1,1,0,0,0,18.0,8.05,6.0,F
3,0,40.0,0,0,7.225,,1,0,0,0,1,0,0,40.0,7.225,6.0,F
3,0,26.0,0,0,7.8958,,1,0,1,0,1,0,0,26.0,7.8958,6.0,F
3,1,20.0,0,0,7.2292,,1,0,0,0,1,0,0,20.0,7.2292,6.0,F
3,0,18.0,0,1,14.4542,,0,0,0,1,0,0,0,18.0,14.4542,7.0,G
3,0,45.0,0,1,14.4542,,0,0,0,0,0,1,0,45.0,14.4542,6.0,F
3,0,27.0,0,0,7.8792,,0,1,0,1,0,0,0,27.0,7.8792,6.0,F
3,0,22.0,0,0,8.05,,1,0,1,0,1,0,0,22.0,8.05,6.0,F
3,0,19.0,0,0,8.05,,1,0,1,0,1,0,0,19.0,8.05,6.0,F
3,0,26.0,0,0,7.775,,1,0,1,0,1,0,0,26.0,7.775,6.0,F
3,0,22.0,0,0,9.35,,1,0,1,0,1,0,0,22.0,9.35,6.0,F
3,0,,0,0,7.2292,,1,0,0,0,0,0,0,17.0,7.2292,6.0,F
3,0,20.0,0,0,4.0125,,1,0,0,0,1,0,0,20.0,4.0125,6.0,F
3,1,32.0,0,0,56.4958,,1,0,1,0,1,0,0,32.0,56.4958,5.0,E
3,0,21.0,0,0,7.775,,1,0,1,0,1,0,0,21.0,7.775,6.0,F
3,0,18.0,0,0,7.75,,1,0,1,0,1,0,0,18.0,7.75,6.0,F
3,0,26.0,0,0,7.8958,,1,0,1,0,1,0,0,26.0,7.8958,6.0,F
3,0,6.0,1,1,15.2458,,1,0,0,0,0,0,0,6.0,15.2458,5.0,E
3,0,9.0,1,1,15.2458,,0,0,0,1,0,0,0,9.0,15.2458,7.0,G
3,0,,0,0,7.225,,1,0,0,0,1,0,0,28.611111111111107,7.225,6.0,F
3,0,,0,2,15.2458,,0,0,0,0,0,1,0,38.3,15.2458,6.0,F
3,0,,0,2,7.75,,0,1,0,1,0,0,0,24.2,7.75,7.0,G
3,0,40.0,1,1,15.5,,1,1,0,0,1,0,0,40.0,15.5,5.0,E
3,0,32.0,1,1,15.5,,0,1,0,0,0,1,0,32.0,15.5,7.0,G
3,0,21.0,0,0,16.1,,1,0,1,0,1,0,0,21.0,16.1,6.0,F
3,1,22.0,0,0,7.725,,0,1,0,1,0,0,0,22.0,7.725,6.0,F
3,0,20.0,0,0,7.8542,,0,0,1,1,0,0,0,20.0,7.8542,7.0,G
3,0,29.0,1,0,7.0458,,1,0,1,0,1,0,0,29.0,7.0458,6.0,F
3,0,22.0,1,0,7.25,,1,0,1,0,1,0,0,22.0,7.25,6.0,F
3,0,22.0,0,0,7.7958,,1,0,1,0,1,0,0,22.0,7.7958,6.0,F
3,0,35.0,0,0,8.05,,1,0,1,0,1,0,0,35.0,8.05,6.0,F
3,0,18.5,0,0,7.2833,,0,1,0,1,0,0,0,18.5,7.2833,6.0,F
3,1,21.0,0,0,7.8208,,1,1,0,0,1,0,0,21.0,7.8208,6.0,F
3,0,19.0,0,0,6.75,,1,1,0,0,1,0,0,19.0,6.75,6.0,F
3,0,18.0,0,0,7.8792,,0,1,0,1,0,0,0,18.0,7.8792,6.0,F
3,0,21.0,0,0,8.6625,,0,0,1,1,0,0,0,21.0,8.6625,6.0,F
3,0,30.0,0,0,8.6625,,0,0,1,1,0,0,0,30.0,8.6625,6.0,F
3,0,18.0,0,0,8.6625,,1,0,1,0,1,0,0,18.0,8.6625,6.0,F
3,0,38.0,0,0,8.6625,,1,0,1,0,1,0,0,38.0,8.6625,5.0,E
3,0,17.0,0,0,8.6625,,1,0,1,0,1,0,0,17.0,8.6625,6.0,F
3,0,17.0,0,0,8.6625,,1,0,1,0,1,0,0,17.0,8.6625,6.0,F
3,0,21.0,0,0,7.75,,0,1,0,1,0,0,0,21.0,7.75,6.0,F
3,0,21.0,0,0,7.75,,1,1,0,0,1,0,0,21.0,7.75,6.0,F
3,0,21.0,0,0,8.05,,1,0,1,0,1,0,0,21.0,8.05,6.0,F
3,0,,1,0,14.4583,,1,0,0,0,1,0,0,23.666666666666664,14.4583,5.0,E
3,0,,1,0,14.4583,,0,0,0,0,0,1,0,38.9,14.4583,6.0,F
3,0,28.0,0,0,7.7958,,1,0,1,0,1,0,0,28.0,7.7958,6.0,F
3,0,24.0,0,0,7.8542,,1,0,1,0,1,0,0,24.0,7.8542,6.0,F
3,1,16.0,0,0,7.75,,0,1,0,1,0,0,0,16.0,7.75,6.0,F
3,0,37.0,0,0,7.75,,0,1,0,1,0,0,0,37.0,7.75,6.0,F
3,0,28.0,0,0,7.25,,1,0,1,0,1,0,0,28.0,7.25,6.0,F
3,0,24.0,0,0,8.05,,1,0,1,0,1,0,0,24.0,8.05,6.0,F
3,0,21.0,0,0,7.7333,,1,1,0,0,1,0,0,21.0,7.7333,6.0,F
3,1,32.0,0,0,56.4958,,1,0,1,0,1,0,0,32.0,56.4958,5.0,E
3,0,29.0,0,0,8.05,,1,0,1,0,1,0,0,29.0,8.05,6.0,F
3,0,26.0,1,0,14.4542,,1,0,0,0,1,0,0,26.0,14.4542,5.0,E
3,0,18.0,1,0,14.4542,,1,0,0,0,1,0,0,18.0,14.4542,5.0,E
3,0,20.0,0,0,7.05,,1,0,1,0,1,0,0,20.0,7.05,6.0,F
3,1,18.0,0,0,8.05,,1,0,1,0,1,0,0,18.0,8.05,6.0,F
3,0,24.0,0,0,7.25,,1,1,0,0,1,0,0,24.0,7.25,6.0,F
3,0,36.0,0,0,7.4958,,1,0,1,0,1,0,0,36.0,7.4958,6.0,F
3,0,24.0,0,0,7.4958,,1,0,1,0,1,0,0,24.0,7.4958,6.0,F
3,0,31.0,0,0,7.7333,,1,1,0,0,1,0,0,31.0,7.7333,6.0,F
3,0,31.0,0,0,7.75,,1,1,0,0,1,0,0,31.0,7.75,6.0,F
3,1,22.0,0,0,7.75,,0,1,0,1,0,0,0,22.0,7.75,6.0,F
3,0,30.0,0,0,7.6292,,0,1,0,1,0,0,0,30.0,7.6292,6.0,F
3,0,70.5,0,0,7.75,,1,1,0,0,1,0,0,70.5,7.75,6.0,F
3,0,43.0,0,0,8.05,,1,0,1,0,1,0,0,43.0,8.05,6.0,F
3,0,35.0,0,0,7.8958,,1,0,1,0,1,0,0,35.0,7.8958,6.0,F
3,0,27.0,0,0,7.8958,,1,0,1,0,1,0,0,27.0,7.8958,6.0,F
3,0,19.0,0,0,7.8958,,1,0,1,0,1,0,0,19.0,7.8958,6.0,F
3,0,30.0,0,0,8.05,,1,0,1,0,1,0,0,30.0,8.05,6.0,F
3,1,9.0,1,1,15.9,,1,0,1,0,0,0,0,9.0,15.9,5.0,E
3,1,3.0,1,1,15.9,,1,0,1,0,0,0,0,3.0,15.9,5.0,E
3,1,36.0,0,2,15.9,,0,0,1,0,0,1,0,36.0,15.9,6.0,F
3,0,59.0,0,0,7.25,,1,0,1,0,1,0,0,59.0,7.25,6.0,F
3,0,19.0,0,0,8.1583,,1,0,1,0,1,0,0,19.0,8.1583,6.0,F
3,1,17.0,0,1,16.1,,0,0,1,1,0,0,0,17.0,16.1,7.0,G
3,0,44.0,0,1,16.1,,1,0,1,0,1,0,0,44.0,16.1,5.0,E
3,0,17.0,0,0,8.6625,,1,0,1,0,1,0,0,17.0,8.6625,6.0,F
3,0,22.5,0,0,7.225,,1,0,0,0,1,0,0,22.5,7.225,6.0,F
3,1,45.0,0,0,8.05,,1,0,1,0,1,0,0,45.0,8.05,5.0,E
3,0,22.0,0,0,10.5167,,0,0,1,1,0,0,0,22.0,10.5167,6.0,F
3,0,19.0,0,0,10.1708,,1,0,1,0,1,0,0,19.0,10.1708,6.0,F
3,1,30.0,0,0,6.95,,0,1,0,1,0,0,0,30.0,6.95,6.0,F
3,1,29.0,0,0,7.75,,1,1,0,0,1,0,0,29.0,7.75,6.0,F
3,0,0.3333,0,2,14.4,,1,0,1,0,0,0,0,0.3333,14.4,5.0,E
3,0,34.0,1,1,14.4,,1,0,1,0,1,0,0,34.0,14.4,5.0,E
3,0,28.0,1,1,14.4,,0,0,1,0,0,1,0,28.0,14.4,7.0,G
3,0,27.0,0,0,7.8958,,1,0,1,0,1,0,0,27.0,7.8958,6.0,F
3,0,25.0,0,0,7.8958,,1,0,1,0,1,0,0,25.0,7.8958,6.0,F
3,0,24.0,2,0,24.15,,1,0,1,0,1,0,0,24.0,24.15,6.0,F
3,0,22.0,0,0,8.05,,1,0,1,0,1,0,0,22.0,8.05,6.0,F
3,0,21.0,2,0,24.15,,1,0,1,0,1,0,0,21.0,24.15,6.0,F
3,0,17.0,2,0,8.05,,1,0,1,0,1,0,0,17.0,8.05,6.0,F
3,0,,1,0,16.1,,1,0,1,0,1,0,0,27.0,16.1,6.0,F
3,1,,1,0,16.1,,0,0,1,0,0,1,0,28.0,16.1,6.0,F
3,1,36.5,1,0,17.4,,1,0,1,0,1,0,0,36.5,17.4,5.0,E
3,1,36.0,1,0,17.4,,0,0,1,0,0,1,0,36.0,17.4,6.0,F
3,1,30.0,0,0,9.5,,1,0,1,0,1,0,0,30.0,9.5,5.0,E
3,0,16.0,0,0,9.5,,1,0,1,0,1,0,0,16.0,9.5,6.0,F
3,1,1.0,1,2,20.575,,1,0,1,0,0,0,0,1.0,20.575,5.0,E
3,1,0.1667,1,2,20.575,,0,0,1,1,0,0,0,0.1667,20.575,7.0,G
3,0,26.0,1,2,20.575,,1,0,1,0,1,0,0,26.0,20.575,5.0,E
3,1,33.0,1,2,20.575,,0,0,1,0,0,1,0,33.0,20.575,6.0,F
3,0,25.0,0,0,7.8958,,1,0,1,0,1,0,0,25.0,7.8958,6.0,F
3,0,,0,0,7.8958,,1,0,1,0,1,0,0,27.346153846153847,7.8958,6.0,F
3,0,,0,0,7.8958,,1,0,1,0,1,0,0,27.346153846153847,7.8958,6.0,F
3,0,22.0,0,0,7.25,,1,0,1,0,1,0,0,22.0,7.25,6.0,F
3,0,36.0,0,0,7.25,,1,0,1,0,1,0,0,36.0,7.25,6.0,F
3,1,19.0,0,0,7.8792,,0,1,0,1,0,0,0,19.0,7.8792,6.0,F
3,0,17.0,0,0,7.8958,,1,0,1,0,1,0,0,17.0,7.8958,6.0,F
3,0,42.0,0,0,8.6625,,1,0,1,0,1,0,0,42.0,8.6625,5.0,E
3,0,43.0,0,0,7.8958,,1,0,1,0,1,0,0,43.0,7.8958,6.0,F
3,0,,0,0,7.2292,,1,0,0,0,1,0,0,24.5,7.2292,6.0,F
3,0,32.0,0,0,7.75,,1,1,0,0,1,0,0,32.0,7.75,6.0,F
3,1,19.0,0,0,8.05,,1,0,1,0,1,0,0,19.0,8.05,6.0,F
3,1,30.0,0,0,12.475,,0,0,1,1,0,0,0,30.0,12.475,5.0,E
3,0,24.0,0,0,7.75,,0,1,0,1,0,0,0,24.0,7.75,6.0,F
3,1,23.0,0,0,8.05,,0,0,1,1,0,0,0,23.0,8.05,6.0,F
3,0,33.0,0,0,7.8958,,1,0,0,0,1,0,0,33.0,7.8958,6.0,F
3,0,65.0,0,0,7.75,,1,1,0,0,1,0,0,65.0,7.75,6.0,F
3,1,24.0,0,0,7.55,,1,0,1,0,1,0,0,24.0,7.55,6.0,F
3,0,23.0,1,0,13.9,,1,0,1,0,1,0,0,23.0,13.9,6.0,F
3,1,22.0,1,0,13.9,,0,0,1,0,0,1,0,22.0,13.9,6.0,F
3,0,18.0,0,0,7.775,,1,0,1,0,1,0,0,18.0,7.775,6.0,F
3,0,16.0,0,0,7.775,,1,0,1,0,1,0,0,16.0,7.775,6.0,F
3,0,45.0,0,0,6.975,,1,0,1,0,1,0,0,45.0,6.975,6.0,F
3,0,,0,0,7.225,,1,0,0,0,1,0,0,28.611111111111107,7.225,6.0,F
3,0,39.0,0,2,7.2292,,1,0,0,0,1,0,0,39.0,7.2292,6.0,F
3,0,17.0,1,1,7.2292,,1,0,0,0,1,0,0,17.0,7.2292,6.0,F
3,0,15.0,1,1,7.2292,,1,0,0,0,1,0,0,15.0,7.2292,6.0,F
3,0,47.0,0,0,7.25,,1,0,1,0,1,0,0,47.0,7.25,6.0,F
3,1,5.0,0,0,12.475,,0,0,1,1,0,0,0,5.0,12.475,6.0,F
3,0,,0,0,7.225,,1,0,0,0,1,0,0,28.611111111111107,7.225,6.0,F
3,0,40.5,0,0,15.1,,1,0,1,0,1,0,0,40.5,15.1,5.0,E
3,0,40.5,0,0,7.75,,1,1,0,0,1,0,0,40.5,7.75,6.0,F
3,1,,0,0,7.05,,1,0,1,0,1,0,0,24.1,7.05,6.0,F
3,0,18.0,0,0,7.7958,,1,0,1,0,1,0,0,18.0,7.7958,6.0,F
3,0,,0,0,7.75,,0,1,0,1,0,0,0,34.16666666666667,7.75,6.0,F
3,0,,0,0,7.75,,1,1,0,0,1,0,0,31.125,7.75,6.0,F
3,0,,0,0,6.95,,1,1,0,0,1,0,0,20.0,6.95,6.0,F
3,0,26.0,0,0,7.8792,,1,1,0,0,1,0,0,26.0,7.8792,6.0,F
3,0,,0,0,7.75,,1,1,0,0,1,0,0,31.125,7.75,6.0,F
3,1,,0,0,56.4958,,1,0,1,0,1,0,0,32.0,56.4958,5.0,E
3,0,21.0,2,2,34.375,,0,0,1,1,0,0,0,21.0,34.375,7.0,G
3,0,9.0,2,2,34.375,,0,0,1,1,0,0,0,9.0,34.375,7.0,G
3,0,,0,0,8.05,,1,0,1,0,1,0,0,28.296296296296298,8.05,6.0,F
3,0,18.0,2,2,34.375,,1,0,1,0,1,0,0,18.0,34.375,5.0,E
3,0,16.0,1,3,34.375,,1,0,1,0,1,0,0,16.0,34.375,5.0,E
3,0,48.0,1,3,34.375,,0,0,1,0,0,1,0,48.0,34.375,7.0,G
3,0,,0,0,7.75,,1,1,0,0,1,0,0,31.125,7.75,6.0,F
3,0,,0,0,7.25,,1,0,1,0,1,0,0,27.0,7.25,6.0,F
3,0,25.0,0,0,7.7417,,1,1,0,0,1,0,0,25.0,7.7417,6.0,F
3,0,,0,0,14.5,,1,0,1,0,1,0,0,19.0,14.5,6.0,F
3,0,,0,0,7.8958,,1,0,0,0,1,0,0,34.0,7.8958,6.0,F
3,0,22.0,0,0,8.05,,1,0,1,0,1,0,0,22.0,8.05,6.0,F
3,1,16.0,0,0,7.7333,,0,1,0,1,0,0,0,16.0,7.7333,6.0,F
3,1,,0,0,7.75,,0,1,0,1,0,0,0,20.666666666666664,7.75,6.0,F
3,1,9.0,0,2,20.525,,1,0,1,0,0,0,0,9.0,20.525,5.0,E
3,0,33.0,1,1,20.525,,1,0,1,0,1,0,0,33.0,20.525,5.0,E
3,0,41.0,0,0,7.85,,1,0,1,0,1,0,0,41.0,7.85,6.0,F
3,1,31.0,1,1,20.525,,0,0,1,0,0,1,0,31.0,20.525,6.0,F
3,0,38.0,0,0,7.05,,1,0,1,0,1,0,0,38.0,7.05,6.0,F
3,0,9.0,5,2,46.9,,1,0,1,0,0,0,0,9.0,46.9,5.0,E
3,0,1.0,5,2,46.9,,1,0,1,0,0,0,0,1.0,46.9,5.0,E
3,0,11.0,5,2,46.9,,1,0,1,0,0,0,0,11.0,46.9,5.0,E
3,0,10.0,5,2,46.9,,0,0,1,1,0,0,0,10.0,46.9,7.0,G
3,0,16.0,5,2,46.9,,0,0,1,1,0,0,0,16.0,46.9,7.0,G
3,0,14.0,5,2,46.9,,1,0,1,0,1,0,0,14.0,46.9,5.0,E
3,0,40.0,1,6,46.9,,1,0,1,0,1,0,0,40.0,46.9,5.0,E
3,0,43.0,1,6,46.9,,0,0,1,0,0,1,0,43.0,46.9,7.0,G
3,0,51.0,0,0,8.05,,1,0,1,0,1,0,0,51.0,8.05,6.0,F
3,0,32.0,0,0,8.3625,,1,0,1,0,1,0,0,32.0,8.3625,6.0,F
3,0,,0,0,8.05,,1,0,1,0,1,0,0,28.296296296296298,8.05,6.0,F
3,0,20.0,0,0,9.8458,,1,0,1,0,1,0,0,20.0,9.8458,6.0,F
3,0,37.0,2,0,7.925,,1,0,1,0,1,0,0,37.0,7.925,6.0,F
3,0,28.0,2,0,7.925,,1,0,1,0,1,0,0,28.0,7.925,6.0,F
3,0,19.0,0,0,7.775,,1,0,1,0,1,0,0,19.0,7.775,6.0,F
3,0,24.0,0,0,8.85,,0,0,1,1,0,0,0,24.0,8.85,6.0,F
3,0,17.0,0,0,7.7333,,0,1,0,1,0,0,0,17.0,7.7333,6.0,F
3,0,,1,0,19.9667,,1,0,1,0,1,0,0,24.4,19.9667,6.0,F
3,0,,1,0,19.9667,,1,0,1,0,1,0,0,24.4,19.9667,6.0,F
3,0,28.0,1,0,15.85,,1,0,1,0,1,0,0,28.0,15.85,5.0,E
3,1,24.0,1,0,15.85,,0,0,1,0,0,1,0,24.0,15.85,6.0,F
3,0,20.0,0,0,9.5,,1,0,1,0,1,0,0,20.0,9.5,6.0,F
3,0,23.5,0,0,7.2292,,1,0,0,0,1,0,0,23.5,7.2292,6.0,F
3,0,41.0,2,0,14.1083,,1,0,1,0,1,0,0,41.0,14.1083,5.0,E
3,0,26.0,1,0,7.8542,,1,0,1,0,1,0,0,26.0,7.8542,6.0,F
3,0,21.0,0,0,7.8542,,1,0,1,0,1,0,0,21.0,7.8542,6.0,F
3,1,45.0,1,0,14.1083,,0,0,1,0,0,1,0,45.0,14.1083,5.0,E
3,0,,0,0,7.55,,0,0,1,1,0,0,0,45.0,7.55,6.0,F
3,0,25.0,0,0,7.25,,1,0,1,0,1,0,0,25.0,7.25,6.0,F
3,0,,0,0,6.8583,,1,1,0,0,1,0,0,19.0,6.8583,6.0,F
3,0,11.0,0,0,18.7875,,1,0,0,0,1,0,0,11.0,18.7875,5.0,E
3,1,,0,0,7.75,,0,1,0,1,0,0,0,20.666666666666664,7.75,6.0,F
3,1,27.0,0,0,6.975,,1,0,1,0,1,0,0,27.0,6.975,6.0,F
3,1,,0,0,56.4958,,1,0,1,0,1,0,0,32.0,56.4958,5.0,E
3,0,18.0,0,0,6.75,,0,1,0,1,0,0,0,18.0,6.75,6.0,F
3,1,26.0,0,0,7.925,,0,0,1,1,0,0,0,26.0,7.925,6.0,F
3,0,23.0,0,0,7.925,,0,0,1,1,0,0,0,23.0,7.925,7.0,G
3,1,22.0,0,0,8.9625,,0,0,1,1,0,0,0,22.0,8.9625,6.0,F
3,0,28.0,0,0,7.8958,,1,0,1,0,1,0,0,28.0,7.8958,6.0,F
3,0,28.0,0,0,7.775,,0,0,1,1,0,0,0,28.0,7.775,6.0,F
3,0,,0,0,7.75,,0,1,0,1,0,0,0,34.16666666666667,7.75,6.0,F
3,1,2.0,0,1,12.2875,,0,0,1,1,0,0,0,2.0,12.2875,7.0,G
3,1,22.0,1,1,12.2875,,0,0,1,0,0,1,0,22.0,12.2875,6.0,F
3,0,43.0,0,0,6.45,,1,0,1,0,1,0,0,43.0,6.45,6.0,F
3,0,28.0,0,0,22.525,,1,0,1,0,1,0,0,28.0,22.525,5.0,E
3,1,27.0,0,0,7.925,,0,0,1,1,0,0,0,27.0,7.925,6.0,F
3,0,,0,0,7.75,,1,1,0,0,1,0,0,31.125,7.75,6.0,F
3,1,,0,0,8.05,,0,0,1,1,0,0,0,20.5,8.05,6.0,F
3,0,42.0,0,0,7.65,6.0,1,0,1,0,1,0,0,42.0,7.65,6.0,F
3,1,,0,0,7.8875,,1,0,1,0,1,0,0,36.5,7.8875,5.0,E
3,0,30.0,0,0,7.2292,,1,0,0,0,1,0,0,30.0,7.2292,6.0,F
3,0,,0,0,7.8958,,1,0,1,0,1,0,0,27.346153846153847,7.8958,6.0,F
3,0,27.0,1,0,7.925,,0,0,1,1,0,0,0,27.0,7.925,7.0,G
3,0,25.0,1,0,7.925,,0,0,1,1,0,0,0,25.0,7.925,7.0,G
3,0,,0,0,7.8958,,1,0,1,0,1,0,0,27.346153846153847,7.8958,6.0,F
3,1,29.0,0,0,7.8958,,1,0,0,0,1,0,0,29.0,7.8958,5.0,E
3,1,21.0,0,0,7.7958,,1,0,1,0,1,0,0,21.0,7.7958,6.0,F
3,0,,0,0,7.05,,1,0,1,0,1,0,0,27.142857142857146,7.05,6.0,F
3,0,20.0,0,0,7.8542,,1,0,1,0,1,0,0,20.0,7.8542,6.0,F
3,0,48.0,0,0,7.8542,,1,0,1,0,1,0,0,48.0,7.8542,6.0,F
3,0,17.0,1,0,7.0542,,1,0,1,0,1,0,0,17.0,7.0542,6.0,F
3,1,,0,0,7.75,,0,1,0,1,0,0,0,20.666666666666664,7.75,6.0,F
3,1,,0,0,8.1125,,1,0,1,0,1,0,0,17.8,8.1125,6.0,F
3,0,34.0,0,0,6.4958,,1,0,1,0,1,0,0,34.0,6.4958,6.0,F
3,1,26.0,0,0,7.775,,1,0,1,0,1,0,0,26.0,7.775,6.0,F
3,0,22.0,0,0,7.7958,,1,0,1,0,1,0,0,22.0,7.7958,6.0,F
3,0,33.0,0,0,8.6542,,1,0,1,0,1,0,0,33.0,8.6542,5.0,E
3,0,31.0,0,0,7.775,,1,0,1,0,1,0,0,31.0,7.775,6.0,F
3,0,29.0,0,0,7.8542,,1,0,1,0,1,0,0,29.0,7.8542,6.0,F
3,1,4.0,1,1,11.1333,,1,0,1,0,0,0,0,4.0,11.1333,5.0,E
3,1,1.0,1,1,11.1333,,0,0,1,1,0,0,0,1.0,11.1333,7.0,G
3,0,49.0,0,0,0.0,,1,0,1,0,1,0,0,49.0,0.0,6.0,F
3,0,33.0,0,0,7.775,,1,0,1,0,1,0,0,33.0,7.775,6.0,F
3,0,19.0,0,0,0.0,,1,0,1,0,1,0,0,19.0,0.0,6.0,F
3,1,27.0,0,2,11.1333,,0,0,1,0,0,1,0,27.0,11.1333,5.0,E
3,0,,1,2,23.45,,1,0,1,0,0,0,0,8.8,23.45,5.0,E
3,0,,1,2,23.45,,0,0,1,1,0,0,0,9.51667,23.45,7.0,G
3,0,,1,2,23.45,,1,0,1,0,1,0,0,23.3,23.45,5.0,E
3,0,,1,2,23.45,,0,0,1,0,0,1,0,36.6,23.45,7.0,G
3,0,23.0,0,0,7.8958,,1,0,1,0,1,0,0,23.0,7.8958,6.0,F
3,1,32.0,0,0,7.8542,,1,0,1,0,1,0,0,32.0,7.8542,5.0,E
3,0,27.0,0,0,7.8542,,1,0,1,0,1,0,0,27.0,7.8542,6.0,F
3,0,20.0,1,0,9.825,,0,0,1,1,0,0,0,20.0,9.825,6.0,F
3,0,21.0,1,0,9.825,,0,0,1,1,0,0,0,21.0,9.825,6.0,F
3,1,32.0,0,0,7.925,,1,0,1,0,1,0,0,32.0,7.925,5.0,E
3,0,17.0,0,0,7.125,,1,0,1,0,1,0,0,17.0,7.125,6.0,F
3,0,21.0,0,0,8.4333,,1,0,1,0,1,0,0,21.0,8.4333,6.0,F
3,0,30.0,0,0,7.8958,,1,0,1,0,1,0,0,30.0,7.8958,6.0,F
3,1,21.0,0,0,7.7958,,1,0,1,0,1,0,0,21.0,7.7958,6.0,F
3,0,33.0,0,0,7.8542,,1,0,1,0,1,0,0,33.0,7.8542,6.0,F
3,0,22.0,0,0,7.5208,,1,0,1,0,1,0,0,22.0,7.5208,6.0,F
3,1,4.0,0,1,13.4167,,0,0,0,1,0,0,0,4.0,13.4167,6.0,F
3,1,39.0,0,1,13.4167,,1,0,0,0,1,0,0,39.0,13.4167,5.0,E
3,0,,0,0,7.2292,,1,0,0,0,1,0,0,24.5,7.2292,6.0,F
3,0,18.5,0,0,7.2292,,1,0,0,0,1,0,0,18.5,7.2292,6.0,F
3,0,,0,0,7.75,,1,1,0,0,1,0,0,31.125,7.75,6.0,F
3,0,,0,0,7.25,,1,0,1,0,1,0,0,27.0,7.25,6.0,F
3,1,,0,0,7.75,,0,1,0,1,0,0,0,20.666666666666664,7.75,6.0,F
3,1,,0,0,7.75,,0,1,0,1,0,0,0,20.666666666666664,7.75,6.0,F
3,0,34.5,0,0,7.8292,,1,1,0,0,1,0,0,34.5,7.8292,6.0,F
3,0,44.0,0,0,8.05,,1,0,1,0,1,0,0,44.0,8.05,6.0,F
3,1,,0,0,7.75,,1,1,0,0,1,0,0,29.0,7.75,6.0,F
3,0,,1,0,14.4542,,1,0,0,0,1,0,0,23.666666666666664,14.4542,5.0,E
3,0,,1,0,14.4542,,0,0,0,0,0,1,0,38.9,14.4542,6.0,F
3,0,,1,0,7.75,,1,1,0,0,1,0,0,30.5125,7.75,6.0,F
3,0,,1,0,7.75,,1,1,0,0,1,0,0,30.5125,7.75,6.0,F
3,0,,0,0,7.7375,,1,1,0,0,1,0,0,25.8,7.7375,6.0,F
3,0,22.0,2,0,8.6625,,0,0,1,1,0,0,0,22.0,8.6625,6.0,F
3,0,26.0,2,0,8.6625,,1,0,1,0,1,0,0,26.0,8.6625,6.0,F
3,1,4.0,0,2,22.025,,0,0,1,1,0,0,0,4.0,22.025,7.0,G
3,1,29.0,3,1,22.025,,1,0,1,0,1,0,0,29.0,22.025,5.0,E
3,1,26.0,1,1,22.025,,0,0,1,0,0,1,0,26.0,22.025,6.0,F
3,0,1.0,1,1,12.1833,,0,0,1,1,0,0,0,1.0,12.1833,7.0,G
3,0,18.0,1,1,7.8542,,1,0,1,0,1,0,0,18.0,7.8542,6.0,F
3,0,36.0,0,2,12.1833,,0,0,1,0,0,1,0,36.0,12.1833,7.0,G
3,0,,0,0,7.8958,,1,0,0,0,1,0,0,34.0,7.8958,6.0,F
3,1,25.0,0,0,7.2292,6.0,1,0,0,0,1,0,0,25.0,7.2292,6.0,F
3,0,,0,0,7.225,,1,0,0,0,1,0,0,28.611111111111107,7.225,6.0,F
3,0,37.0,0,0,9.5875,,0,0,1,1,0,0,0,37.0,9.5875,6.0,F
3,0,,0,0,7.8958,,1,0,1,0,1,0,0,27.346153846153847,7.8958,6.0,F
3,1,,0,0,56.4958,,1,0,1,0,1,0,0,32.0,56.4958,5.0,E
3,0,,0,0,56.4958,,1,0,1,0,1,0,0,28.0,56.4958,5.0,E
3,1,22.0,0,0,7.25,,0,0,1,1,0,0,0,22.0,7.25,6.0,F
3,0,,0,0,7.75,,1,1,0,0,1,0,0,31.125,7.75,6.0,F
3,1,26.0,0,0,56.4958,,1,0,1,0,1,0,0,26.0,56.4958,5.0,E
3,0,29.0,0,0,9.4833,,1,0,1,0,1,0,0,29.0,9.4833,6.0,F
3,0,29.0,0,0,7.775,,1,0,1,0,1,0,0,29.0,7.775,6.0,F
3,0,22.0,0,0,7.775,,1,0,1,0,1,0,0,22.0,7.775,6.0,F
3,1,22.0,0,0,7.225,,1,0,0,0,1,0,0,22.0,7.225,6.0,F
3,0,,3,1,25.4667,,1,0,1,0,0,0,0,2.35,25.4667,5.0,E
3,0,,3,1,25.4667,,0,0,1,1,0,0,0,8.0,25.4667,7.0,G
3,0,,3,1,25.4667,,0,0,1,1,0,0,0,8.0,25.4667,7.0,G
3,0,,3,1,25.4667,,0,0,1,1,0,0,0,8.0,25.4667,7.0,G
3,0,,0,4,25.4667,,0,0,1,0,0,1,0,36.6,25.4667,6.0,F
3,0,32.0,0,0,7.925,,1,0,1,0,1,0,0,32.0,7.925,6.0,F
3,0,34.5,0,0,6.4375,,1,0,0,0,1,0,0,34.5,6.4375,6.0,F
3,0,,1,0,15.5,,0,1,0,1,0,0,0,16.5,15.5,6.0,F
3,0,,1,0,15.5,,1,1,0,0,1,0,0,33.7,15.5,5.0,E
3,0,36.0,0,0,0.0,,1,0,1,0,1,0,0,36.0,0.0,6.0,F
3,0,39.0,0,0,24.15,,1,0,1,0,1,0,0,39.0,24.15,5.0,E
3,0,24.0,0,0,9.5,,1,0,1,0,1,0,0,24.0,9.5,6.0,F
3,0,25.0,0,0,7.775,,0,0,1,1,0,0,0,25.0,7.775,7.0,G
3,0,45.0,0,0,7.75,,0,0,1,1,0,0,0,45.0,7.75,6.0,F
3,0,36.0,1,0,15.55,,1,0,1,0,1,0,0,36.0,15.55,5.0,E
3,0,30.0,1,0,15.55,,0,0,1,0,0,1,0,30.0,15.55,6.0,F
3,1,20.0,1,0,7.925,,1,0,1,0,1,0,0,20.0,7.925,6.0,F
3,0,,0,0,7.8792,,1,1,0,0,1,0,0,26.0,7.8792,6.0,F
3,0,28.0,0,0,56.4958,,1,0,1,0,1,0,0,28.0,56.4958,5.0,E
3,0,,0,0,7.55,,1,0,1,0,1,0,0,42.0,7.55,6.0,F
3,0,30.0,1,0,16.1,,1,0,1,0,1,0,0,30.0,16.1,5.0,E
3,0,26.0,1,0,16.1,,0,0,1,0,0,1,0,26.0,16.1,7.0,G
3,0,,0,0,7.8792,,1,0,1,0,1,0,0,28.1,7.8792,6.0,F
3,0,20.5,0,0,7.25,,1,0,1,0,1,0,0,20.5,7.25,6.0,F
3,1,27.0,0,0,8.6625,,1,0,1,0,1,0,0,27.0,8.6625,5.0,E
3,0,51.0,0,0,7.0542,,1,0,1,0,1,0,0,51.0,7.0542,6.0,F
3,1,23.0,0,0,7.8542,,0,0,1,1,0,0,0,23.0,7.8542,6.0,F
3,1,32.0,0,0,7.5792,,1,0,1,0,1,0,0,32.0,7.5792,6.0,F
3,0,,0,0,7.8958,,1,0,1,0,1,0,0,27.346153846153847,7.8958,6.0,F
3,0,,0,0,7.55,,1,0,1,0,1,0,0,42.0,7.55,6.0,F
3,1,,0,0,7.75,,0,1,0,1,0,0,0,20.666666666666664,7.75,6.0,F
3,1,24.0,0,0,7.1417,,1,0,1,0,1,0,0,24.0,7.1417,6.0,F
3,0,22.0,0,0,7.125,,1,0,1,0,1,0,0,22.0,7.125,6.0,F
3,0,,0,0,7.8792,,0,1,0,1,0,0,0,18.0,7.8792,6.0,F
3,0,,0,0,7.75,,1,1,0,0,1,0,0,31.125,7.75,6.0,F
3,0,,0,0,8.05,,1,0,1,0,1,0,0,28.296296296296298,8.05,6.0,F
3,0,29.0,0,0,7.925,,1,0,1,0,1,0,0,29.0,7.925,6.0,F
3,1,,0,0,7.2292,,1,0,0,0,1,0,0,22.5,7.2292,6.0,F
3,0,30.5,0,0,7.75,,0,1,0,1,0,0,0,30.5,7.75,6.0,F
3,1,,0,0,7.7375,,0,1,0,1,0,0,0,17.4,7.7375,6.0,F
3,0,,0,0,7.2292,6.0,1,0,0,0,1,0,0,24.5,7.2292,6.0,F
3,0,35.0,0,0,7.8958,,1,0,0,0,1,0,0,35.0,7.8958,6.0,F
3,0,33.0,0,0,7.8958,,1,0,1,0,1,0,0,33.0,7.8958,6.0,F
3,1,,0,0,7.225,,0,0,0,0,0,1,0,45.0,7.225,5.0,E
3,0,,0,0,7.8958,,1,0,0,0,1,0,0,34.0,7.8958,6.0,F
3,1,,0,0,7.75,,0,1,0,1,0,0,0,20.666666666666664,7.75,6.0,F
3,1,,0,0,7.75,,1,1,0,0,1,0,0,29.0,7.75,6.0,F
3,1,,2,0,23.25,,0,1,0,1,0,0,0,14.0,23.25,6.0,F
3,1,,2,0,23.25,,0,1,0,1,0,0,0,14.0,23.25,6.0,F
3,1,,2,0,23.25,,1,1,0,0,1,0,0,30.1,23.25,5.0,E
3,1,,0,0,7.7875,,0,1,0,1,0,0,0,19.833333333333332,7.7875,6.0,F
3,0,,0,0,15.5,,1,1,0,0,1,0,0,33.7,15.5,5.0,E
3,1,,0,0,7.8792,,0,1,0,1,0,0,0,19.0,7.8792,6.0,F
3,1,15.0,0,0,8.0292,,0,1,0,1,0,0,0,15.0,8.0292,6.0,F
3,0,35.0,0,0,7.75,,0,1,0,1,0,0,0,35.0,7.75,6.0,F
3,0,,0,0,7.75,,1,1,0,0,1,0,0,31.125,7.75,6.0,F
3,0,24.0,1,0,16.1,,1,0,1,0,1,0,0,24.0,16.1,6.0,F
3,0,19.0,1,0,16.1,,0,0,1,0,0,1,0,19.0,16.1,7.0,G
3,0,,0,0,7.75,,0,1,0,1,0,0,0,34.16666666666667,7.75,6.0,F
3,0,,0,0,8.05,,0,0,1,1,0,0,0,22.95,8.05,7.0,G
3,0,,0,0,8.05,,0,0,1,0,0,1,0,34.0,8.05,6.0,F
3,0,55.5,0,0,8.05,,1,0,1,0,1,0,0,55.5,8.05,6.0,F
3,0,,0,0,7.75,,1,1,0,0,1,0,0,31.125,7.75,6.0,F
3,1,21.0,0,0,7.775,,1,0,1,0,1,0,0,21.0,7.775,6.0,F
3,0,,0,0,8.05,,1,0,1,0,1,0,0,28.296296296296298,8.05,6.0,F
3,0,24.0,0,0,7.8958,,1,0,1,0,1,0,0,24.0,7.8958,6.0,F
3,0,21.0,0,0,7.8958,,1,0,1,0,1,0,0,21.0,7.8958,6.0,F
3,0,28.0,0,0,7.8958,,1,0,1,0,1,0,0,28.0,7.8958,6.0,F
3,0,,0,0,7.8958,,1,0,1,0,1,0,0,27.346153846153847,7.8958,6.0,F
3,1,,0,0,7.8792,,0,1,0,1,0,0,0,19.0,7.8792,6.0,F
3,0,25.0,0,0,7.65,6.0,1,0,1,0,1,0,0,25.0,7.65,6.0,F
3,1,6.0,0,1,12.475,5.0,1,0,1,0,0,0,0,6.0,12.475,5.0,E
3,1,27.0,0,1,12.475,5.0,0,0,1,0,0,1,0,27.0,12.475,5.0,E
3,0,,0,0,8.05,,1,0,1,0,1,0,0,28.296296296296298,8.05,6.0,F
3,1,,1,0,24.15,,0,1,0,1,0,0,0,14.0,24.15,6.0,F
3,0,,1,0,24.15,,1,1,0,0,1,0,0,33.7,24.15,5.0,E
3,0,,0,0,8.4583,,1,1,0,0,1,0,0,28.1,8.4583,6.0,F
3,0,34.0,0,0,8.05,,1,0,1,0,1,0,0,34.0,8.05,6.0,F
3,0,,0,0,7.75,,1,1,0,0,1,0,0,31.125,7.75,6.0,F
3,1,,0,0,7.775,,1,0,1,0,1,0,0,21.0,7.775,6.0,F
3,1,,1,1,15.2458,,1,0,0,0,0,0,0,7.0,15.2458,5.0,E
3,1,,1,1,15.2458,,1,0,0,0,0,0,0,7.0,15.2458,5.0,E
3,1,,0,2,15.2458,,0,0,0,0,0,1,0,29.0,15.2458,5.0,E
3,1,,0,0,7.2292,,0,0,0,0,0,1,0,36.9,7.2292,5.0,E
3,0,,0,0,8.05,,1,0,1,0,1,0,0,28.296296296296298,8.05,6.0,F
3,1,,0,0,7.7333,,0,1,0,1,0,0,0,16.0,7.7333,6.0,F
3,1,24.0,0,0,7.75,,0,1,0,1,0,0,0,24.0,7.75,6.0,F
3,0,,0,0,8.05,,1,0,1,0,1,0,0,28.296296296296298,8.05,6.0,F
3,1,,1,0,15.5,,0,1,0,1,0,0,0,14.0,15.5,6.0,F
3,1,,1,0,15.5,,0,1,0,1,0,0,0,14.0,15.5,6.0,F
3,1,,0,0,15.5,,0,1,0,1,0,0,0,13.4,15.5,6.0,F
3,0,18.0,0,0,7.75,,1,0,1,0,1,0,0,18.0,7.75,6.0,F
3,0,22.0,0,0,7.8958,,1,0,1,0,1,0,0,22.0,7.8958,6.0,F
3,1,15.0,0,0,7.225,,0,0,0,1,0,0,0,15.0,7.225,6.0,F
3,1,1.0,0,2,15.7417,,0,0,0,1,0,0,0,1.0,15.7417,6.0,F
3,1,20.0,1,1,15.7417,,1,0,0,0,1,0,0,20.0,15.7417,5.0,E
3,1,19.0,1,1,15.7417,,0,0,0,0,0,1,0,19.0,15.7417,6.0,F
3,0,33.0,0,0,8.05,,1,0,1,0,1,0,0,33.0,8.05,6.0,F
3,0,,0,0,7.8958,,1,0,1,0,1,0,0,27.346153846153847,7.8958,6.0,F
3,0,,0,0,7.2292,,1,0,0,0,1,0,0,24.5,7.2292,6.0,F
3,0,,0,0,7.75,,0,1,0,1,0,0,0,34.16666666666667,7.75,6.0,F
3,0,,0,0,7.8958,,1,0,1,0,1,0,0,27.346153846153847,7.8958,6.0,F
3,1,12.0,1,0,11.2417,,1,0,0,0,0,0,0,12.0,11.2417,5.0,E
3,1,14.0,1,0,11.2417,,0,0,0,1,0,0,0,14.0,11.2417,6.0,F
3,0,29.0,0,0,7.925,,0,0,1,1,0,0,0,29.0,7.925,6.0,F
3,0,28.0,0,0,8.05,,1,0,1,0,1,0,0,28.0,8.05,6.0,F
3,1,18.0,0,0,7.775,,0,0,1,1,0,0,0,18.0,7.775,6.0,F
3,1,26.0,0,0,7.8542,,0,0,1,1,0,0,0,26.0,7.8542,6.0,F
3,0,21.0,0,0,7.8542,,1,0,1,0,1,0,0,21.0,7.8542,6.0,F
3,0,41.0,0,0,7.125,,1,0,1,0,1,0,0,41.0,7.125,6.0,F
3,1,39.0,0,0,7.925,,1,0,1,0,1,0,0,39.0,7.925,5.0,E
3,0,21.0,0,0,7.8,,1,0,1,0,1,0,0,21.0,7.8,6.0,F
3,0,28.5,0,0,7.2292,,1,0,0,0,1,0,0,28.5,7.2292,6.0,F
3,1,22.0,0,0,7.75,,0,0,1,1,0,0,0,22.0,7.75,6.0,F
3,0,61.0,0,0,6.2375,,1,0,1,0,1,0,0,61.0,6.2375,6.0,F
3,0,,1,0,15.5,,1,1,0,0,1,0,0,33.7,15.5,5.0,E
3,0,,0,0,7.8292,,1,1,0,0,1,0,0,34.5,7.8292,6.0,F
3,1,,1,0,15.5,,0,1,0,0,0,1,0,22.9,15.5,6.0,F
3,0,,0,0,7.7333,,1,1,0,0,1,0,0,26.0,7.7333,6.0,F
3,0,,0,0,7.75,,1,1,0,0,1,0,0,31.125,7.75,6.0,F
3,0,,0,0,7.75,,1,1,0,0,1,0,0,31.125,7.75,6.0,F
3,0,23.0,0,0,9.225,,1,0,1,0,1,0,0,23.0,9.225,6.0,F
3,0,,0,0,7.75,,0,1,0,1,0,0,0,34.16666666666667,7.75,6.0,F
3,1,,0,0,7.75,,0,1,0,1,0,0,0,20.666666666666664,7.75,6.0,F
3,1,,0,0,7.8792,,0,1,0,1,0,0,0,19.0,7.8792,6.0,F
3,1,22.0,0,0,7.775,,0,0,1,1,0,0,0,22.0,7.775,6.0,F
3,1,,0,0,7.75,,1,1,0,0,1,0,0,29.0,7.75,6.0,F
3,1,,0,0,7.8292,,0,1,0,1,0,0,0,19.5,7.8292,6.0,F
3,1,9.0,0,1,3.1708,,1,0,1,0,0,0,0,9.0,3.1708,5.0,E
3,0,28.0,0,0,22.525,,1,0,1,0,1,0,0,28.0,22.525,5.0,E
3,0,42.0,0,1,8.4042,,1,0,1,0,1,0,0,42.0,8.4042,5.0,E
3,0,,0,0,7.3125,,1,0,1,0,1,0,0,27.3,7.3125,6.0,F
3,0,31.0,0,0,7.8542,,0,0,1,1,0,0,0,31.0,7.8542,6.0,F
3,0,28.0,0,0,7.8542,,1,0,1,0,1,0,0,28.0,7.8542,6.0,F
3,1,32.0,0,0,7.775,,1,0,1,0,1,0,0,32.0,7.775,6.0,F
3,0,20.0,0,0,9.225,,1,0,1,0,1,0,0,20.0,9.225,6.0,F
3,0,23.0,0,0,8.6625,,0,0,1,1,0,0,0,23.0,8.6625,6.0,F
3,0,20.0,0,0,8.6625,,0,0,1,1,0,0,0,20.0,8.6625,6.0,F
3,0,20.0,0,0,8.6625,,1,0,1,0,1,0,0,20.0,8.6625,6.0,F
3,0,16.0,0,0,9.2167,,1,0,1,0,1,0,0,16.0,9.2167,6.0,F
3,1,31.0,0,0,8.6833,,0,0,1,0,0,1,0,31.0,8.6833,5.0,E
3,0,,0,0,7.6292,,0,1,0,1,0,0,0,30.0,7.6292,6.0,F
3,0,2.0,3,1,21.075,,1,0,1,0,0,0,0,2.0,21.075,5.0,E
3,0,6.0,3,1,21.075,,1,0,1,0,0,0,0,6.0,21.075,5.0,E
3,0,3.0,3,1,21.075,,0,0,1,1,0,0,0,3.0,21.075,7.0,G
3,0,8.0,3,1,21.075,,0,0,1,1,0,0,0,8.0,21.075,7.0,G
3,0,29.0,0,4,21.075,,0,0,1,0,0,1,0,29.0,21.075,6.0,F
3,0,1.0,4,1,39.6875,,1,0,1,0,0,0,0,1.0,39.6875,5.0,E
3,0,7.0,4,1,39.6875,,1,0,1,0,0,0,0,7.0,39.6875,5.0,E
3,0,2.0,4,1,39.6875,,1,0,1,0,0,0,0,2.0,39.6875,5.0,E
3,0,16.0,4,1,39.6875,,1,0,1,0,1,0,0,16.0,39.6875,5.0,E
3,0,14.0,4,1,39.6875,,1,0,1,0,1,0,0,14.0,39.6875,5.0,E
3,0,41.0,0,5,39.6875,,0,0,1,0,0,1,0,41.0,39.6875,6.0,F
3,0,21.0,0,0,8.6625,,1,0,1,0,1,0,0,21.0,8.6625,6.0,F
3,0,19.0,0,0,14.5,,1,0,1,0,1,0,0,19.0,14.5,6.0,F
3,0,,0,0,8.7125,,1,0,0,0,1,0,0,33.0,8.7125,5.0,E
3,0,32.0,0,0,7.8958,,1,0,1,0,1,0,0,32.0,7.8958,6.0,F
3,0,0.75,1,1,13.775,,1,0,1,0,0,0,0,0.75,13.775,5.0,E
3,0,3.0,1,1,13.775,,0,0,1,1,0,0,0,3.0,13.775,7.0,G
3,0,26.0,0,2,13.775,,0,0,1,0,0,1,0,26.0,13.775,7.0,G
3,0,,0,0,7.0,,1,0,1,0,1,0,0,28.928571428571427,7.0,6.0,F
3,0,,0,0,7.775,,1,0,1,0,1,0,0,24.09090909090909,7.775,6.0,F
3,0,,0,0,8.05,,1,0,1,0,1,0,0,28.296296296296298,8.05,6.0,F
3,0,21.0,0,0,7.925,,1,0,1,0,1,0,0,21.0,7.925,6.0,F
3,0,25.0,0,0,7.925,,1,0,1,0,1,0,0,25.0,7.925,6.0,F
3,0,22.0,0,0,7.25,,1,0,1,0,1,0,0,22.0,7.25,6.0,F
3,1,25.0,1,0,7.775,,1,0,1,0,1,0,0,25.0,7.775,6.0,F
3,1,,1,1,22.3583,,1,0,0,0,0,0,0,2.94167,22.3583,5.0,E
3,1,,1,1,22.3583,6.0,0,0,0,1,0,0,0,5.65,22.3583,6.0,F
3,1,,0,2,22.3583,,0,0,0,0,0,1,0,28.0,22.3583,5.0,E
3,0,,0,0,8.1375,,0,1,0,1,0,0,0,17.85,8.1375,6.0,F
3,0,24.0,0,0,8.05,,1,0,1,0,1,0,0,24.0,8.05,6.0,F
3,0,28.0,0,0,7.8958,,0,0,1,1,0,0,0,28.0,7.8958,6.0,F
3,0,19.0,0,0,7.8958,,1,0,1,0,1,0,0,19.0,7.8958,6.0,F
3,0,,0,0,7.8958,,1,0,1,0,1,0,0,27.346153846153847,7.8958,6.0,F
3,0,25.0,1,0,7.775,,1,0,1,0,1,0,0,25.0,7.775,6.0,F
3,0,18.0,0,0,7.775,,0,0,1,1,0,0,0,18.0,7.775,7.0,G
3,1,32.0,0,0,8.05,5.0,1,0,1,0,1,0,0,32.0,8.05,5.0,E
3,0,,0,0,7.8958,,1,0,1,0,1,0,0,27.346153846153847,7.8958,6.0,F
3,0,17.0,0,0,8.6625,,1,0,1,0,1,0,0,17.0,8.6625,6.0,F
3,0,24.0,0,0,8.6625,,1,0,1,0,1,0,0,24.0,8.6625,6.0,F
3,0,,0,0,7.8958,,1,0,1,0,1,0,0,27.346153846153847,7.8958,6.0,F
3,0,,0,0,8.1125,,0,0,1,0,0,1,0,34.0,8.1125,6.0,F
3,0,,0,0,7.2292,,1,0,0,0,1,0,0,24.5,7.2292,6.0,F
3,0,,0,0,7.25,,1,0,1,0,1,0,0,27.0,7.25,6.0,F
3,0,38.0,0,0,7.8958,,1,0,1,0,1,0,0,38.0,7.8958,6.0,F
3,0,21.0,0,0,8.05,,1,0,1,0,1,0,0,21.0,8.05,6.0,F
3,0,10.0,4,1,29.125,,1,1,0,0,0,0,0,10.0,29.125,5.0,E
3,0,4.0,4,1,29.125,,1,1,0,0,0,0,0,4.0,29.125,5.0,E
3,0,7.0,4,1,29.125,,1,1,0,0,0,0,0,7.0,29.125,5.0,E
3,0,2.0,4,1,29.125,,1,1,0,0,0,0,0,2.0,29.125,5.0,E
3,0,8.0,4,1,29.125,,1,1,0,0,0,0,0,8.0,29.125,5.0,E
3,0,39.0,0,5,29.125,,0,1,0,0,0,1,0,39.0,29.125,6.0,F
3,0,22.0,0,0,39.6875,,0,0,1,1,0,0,0,22.0,39.6875,7.0,G
3,0,35.0,0,0,7.125,,1,0,1,0,1,0,0,35.0,7.125,6.0,F
3,1,,0,0,7.7208,,0,1,0,1,0,0,0,22.0,7.7208,6.0,F
3,0,,0,0,14.5,,1,0,1,0,1,0,0,19.0,14.5,6.0,F
3,0,,0,0,14.5,,0,0,1,0,0,1,0,38.6,14.5,6.0,F
3,0,50.0,1,0,14.5,,1,0,1,0,1,0,0,50.0,14.5,5.0,E
3,0,47.0,1,0,14.5,,0,0,1,0,0,1,0,47.0,14.5,6.0,F
3,0,,0,0,8.05,,1,0,1,0,1,0,0,28.296296296296298,8.05,6.0,F
3,0,,0,0,7.775,,1,0,1,0,1,0,0,24.09090909090909,7.775,6.0,F
3,0,2.0,1,1,20.2125,,0,0,1,1,0,0,0,2.0,20.2125,7.0,G
3,0,18.0,1,1,20.2125,,1,0,1,0,1,0,0,18.0,20.2125,5.0,E
3,0,41.0,0,2,20.2125,,0,0,1,0,0,1,0,41.0,20.2125,6.0,F
3,1,,0,0,8.05,,0,0,1,1,0,0,0,20.5,8.05,6.0,F
3,0,50.0,0,0,8.05,,1,0,1,0,1,0,0,50.0,8.05,6.0,F
3,0,16.0,0,0,8.05,,1,0,1,0,1,0,0,16.0,8.05,6.0,F
3,1,,0,0,7.75,,1,1,0,0,1,0,0,29.0,7.75,6.0,F
3,0,,0,0,24.15,,1,1,0,0,1,0,0,33.7,24.15,5.0,E
3,0,,0,0,7.2292,,1,0,0,0,1,0,0,24.5,7.2292,6.0,F
3,0,25.0,0,0,7.225,,1,0,0,0,1,0,0,25.0,7.225,6.0,F
3,0,,0,0,7.225,,1,0,0,0,1,0,0,28.611111111111107,7.225,6.0,F
3,0,,0,0,7.7292,,1,1,0,0,1,0,0,25.8,7.7292,6.0,F
3,0,,0,0,7.575,,1,0,1,0,1,0,0,39.333333333333336,7.575,6.0,F
3,0,38.5,0,0,7.25,,1,0,1,0,1,0,0,38.5,7.25,6.0,F
3,0,,8,2,69.55,,1,0,1,0,0,0,0,14.5,69.55,5.0,E
3,0,14.5,8,2,69.55,,1,0,1,0,0,0,0,14.5,69.55,5.0,E
3,0,,8,2,69.55,,0,0,1,1,0,0,0,16.3,69.55,7.0,G
3,0,,8,2,69.55,,0,0,1,1,0,0,0,16.3,69.55,7.0,G
3,0,,8,2,69.55,,0,0,1,1,0,0,0,16.3,69.55,7.0,G
3,0,,8,2,69.55,,0,0,1,1,0,0,0,16.3,69.55,7.0,G
3,0,,8,2,69.55,,1,0,1,0,1,0,0,14.0,69.55,5.0,E
3,0,,8,2,69.55,,1,0,1,0,1,0,0,14.0,69.55,5.0,E
3,0,,8,2,69.55,,1,0,1,0,1,0,0,14.0,69.55,5.0,E
3,0,,1,9,69.55,,1,0,1,0,1,0,0,40.0,69.55,5.0,E
3,0,,1,9,69.55,,0,0,1,0,0,1,0,43.0,69.55,7.0,G
3,0,24.0,0,0,9.325,,1,0,1,0,1,0,0,24.0,9.325,6.0,F
3,1,21.0,0,0,7.65,,0,0,1,1,0,0,0,21.0,7.65,6.0,F
3,0,39.0,0,0,7.925,,1,0,1,0,1,0,0,39.0,7.925,6.0,F
3,0,,2,0,21.6792,,1,0,0,0,1,0,0,17.43333333333333,21.6792,5.0,E
3,0,,2,0,21.6792,,1,0,0,0,1,0,0,17.43333333333333,21.6792,5.0,E
3,0,,2,0,21.6792,,1,0,0,0,1,0,0,17.43333333333333,21.6792,5.0,E
3,1,1.0,1,1,16.7,7.0,0,0,1,1,0,0,0,1.0,16.7,7.0,G
3,1,24.0,0,2,16.7,7.0,0,0,1,0,0,1,0,24.0,16.7,7.0,G
3,1,4.0,1,1,16.7,7.0,0,0,1,1,0,0,0,4.0,16.7,7.0,G
3,1,25.0,0,0,9.5,,1,0,1,0,1,0,0,25.0,9.5,5.0,E
3,0,20.0,0,0,8.05,,1,0,1,0,1,0,0,20.0,8.05,6.0,F
3,0,24.5,0,0,8.05,,1,0,1,0,1,0,0,24.5,8.05,6.0,F
3,0,,0,0,7.725,,1,1,0,0,1,0,0,25.8,7.725,6.0,F
3,0,,0,0,7.8958,,1,0,1,0,1,0,0,27.346153846153847,7.8958,6.0,F
3,0,,0,0,7.75,,1,1,0,0,1,0,0,31.125,7.75,6.0,F
3,1,29.0,0,0,9.5,,1,0,1,0,1,0,0,29.0,9.5,5.0,E
3,0,,0,0,15.1,,1,0,1,0,1,0,0,40.5,15.1,5.0,E
3,1,,0,0,7.7792,,0,1,0,1,0,0,0,20.166666666666664,7.7792,6.0,F
3,0,,0,0,8.05,,1,0,1,0,1,0,0,28.296296296296298,8.05,6.0,F
3,0,,0,0,8.05,,1,0,1,0,1,0,0,28.296296296296298,8.05,6.0,F
3,0,22.0,0,0,7.2292,,1,0,0,0,1,0,0,22.0,7.2292,6.0,F
3,0,,0,0,8.05,,1,0,1,0,1,0,0,28.296296296296298,8.05,6.0,F
3,0,40.0,0,0,7.8958,,1,0,1,0,1,0,0,40.0,7.8958,6.0,F
3,0,21.0,0,0,7.925,,1,0,1,0,1,0,0,21.0,7.925,6.0,F
3,1,18.0,0,0,7.4958,,0,0,1,1,0,0,0,18.0,7.4958,6.0,F
3,0,4.0,3,2,27.9,,1,0,1,0,0,0,0,4.0,27.9,5.0,E
3,0,10.0,3,2,27.9,,1,0,1,0,0,0,0,10.0,27.9,5.0,E
3,0,9.0,3,2,27.9,,0,0,1,1,0,0,0,9.0,27.9,7.0,G
3,0,2.0,3,2,27.9,,0,0,1,1,0,0,0,2.0,27.9,7.0,G
3,0,40.0,1,4,27.9,,1,0,1,0,1,0,0,40.0,27.9,5.0,E
3,0,45.0,1,4,27.9,,0,0,1,0,0,1,0,45.0,27.9,7.0,G
3,0,,0,0,7.8958,,1,0,1,0,1,0,0,27.346153846153847,7.8958,6.0,F
3,0,,0,0,8.05,,1,0,1,0,1,0,0,28.296296296296298,8.05,6.0,F
3,0,,0,0,8.6625,,1,0,1,0,1,0,0,23.75,8.6625,6.0,F
3,0,,0,0,7.75,,1,1,0,0,1,0,0,31.125,7.75,6.0,F
3,1,,0,0,7.7333,,0,1,0,1,0,0,0,16.0,7.7333,6.0,F
3,0,19.0,0,0,7.65,6.0,1,0,1,0,1,0,0,19.0,7.65,6.0,F
3,0,30.0,0,0,8.05,,1,0,1,0,1,0,0,30.0,8.05,6.0,F
3,0,,0,0,8.05,,1,0,1,0,1,0,0,28.296296296296298,8.05,6.0,F
3,0,32.0,0,0,8.05,,1,0,1,0,1,0,0,32.0,8.05,6.0,F
3,0,,0,0,7.8958,,1,0,1,0,1,0,0,27.346153846153847,7.8958,6.0,F
3,0,33.0,0,0,8.6625,,1,0,0,0,1,0,0,33.0,8.6625,5.0,E
3,1,23.0,0,0,7.55,,0,0,1,1,0,0,0,23.0,7.55,6.0,F
3,0,21.0,0,0,8.05,,1,0,1,0,1,0,0,21.0,8.05,6.0,F
3,0,60.5,0,0,,,1,0,1,0,1,0,0,60.5,6.4399999999999995,6.0,F
3,0,19.0,0,0,7.8958,,1,0,1,0,1,0,0,19.0,7.8958,6.0,F
3,0,22.0,0,0,9.8375,,0,0,1,1,0,0,0,22.0,9.8375,6.0,F
3,1,31.0,0,0,7.925,,1,0,1,0,1,0,0,31.0,7.925,5.0,E
3,0,27.0,0,0,8.6625,,1,0,1,0,1,0,0,27.0,8.6625,6.0,F
3,0,2.0,0,1,10.4625,7.0,0,0,1,1,0,0,0,2.0,10.4625,7.0,G
3,0,29.0,1,1,10.4625,7.0,0,0,1,0,0,1,0,29.0,10.4625,7.0,G
3,1,16.0,0,0,8.05,,1,0,1,0,1,0,0,16.0,8.05,6.0,F
3,1,44.0,0,0,7.925,,1,0,1,0,1,0,0,44.0,7.925,5.0,E
3,0,25.0,0,0,7.05,,1,0,1,0,1,0,0,25.0,7.05,6.0,F
3,0,74.0,0,0,7.775,,1,0,1,0,1,0,0,74.0,7.775,6.0,F
3,1,14.0,0,0,9.225,,1,0,1,0,1,0,0,14.0,9.225,5.0,E
3,0,24.0,0,0,7.7958,,1,0,1,0,1,0,0,24.0,7.7958,6.0,F
3,1,25.0,0,0,7.7958,,1,0,1,0,1,0,0,25.0,7.7958,6.0,F
3,0,34.0,0,0,8.05,,1,0,1,0,1,0,0,34.0,8.05,6.0,F
3,1,0.4167,0,1,8.5167,,1,0,0,0,0,0,0,0.4167,8.5167,5.0,E
3,0,,1,0,6.4375,,1,0,0,0,1,0,0,18.45,6.4375,6.0,F
3,0,,0,0,6.4375,,1,0,0,0,1,0,0,34.5,6.4375,6.0,F
3,0,,0,0,7.225,,1,0,0,0,1,0,0,28.611111111111107,7.225,6.0,F
3,1,16.0,1,1,8.5167,,0,0,0,0,0,1,0,16.0,8.5167,6.0,F
3,0,,0,0,8.05,,1,0,1,0,1,0,0,28.296296296296298,8.05,6.0,F
3,0,,1,0,16.1,,1,0,1,0,1,0,0,27.0,16.1,6.0,F
3,1,,1,0,16.1,,0,0,1,0,0,1,0,28.0,16.1,6.0,F
3,0,32.0,0,0,7.925,,1,0,1,0,1,0,0,32.0,7.925,6.0,F
3,0,,0,0,7.75,6.0,1,1,0,0,1,0,0,31.125,7.75,6.0,F
3,0,,0,0,7.8958,,1,0,1,0,1,0,0,27.346153846153847,7.8958,6.0,F
3,0,30.5,0,0,8.05,,1,0,1,0,1,0,0,30.5,8.05,6.0,F
3,0,44.0,0,0,8.05,,1,0,1,0,1,0,0,44.0,8.05,6.0,F
3,0,,0,0,7.2292,,1,0,0,0,1,0,0,24.5,7.2292,6.0,F
3,1,25.0,0,0,0.0,,1,0,1,0,1,0,0,25.0,0.0,6.0,F
3,0,,0,0,7.2292,,1,0,0,0,1,0,0,24.5,7.2292,6.0,F
3,1,7.0,1,1,15.2458,,1,0,0,0,0,0,0,7.0,15.2458,5.0,E
3,1,9.0,1,1,15.2458,,0,0,0,1,0,0,0,9.0,15.2458,6.0,F
3,1,29.0,0,2,15.2458,,0,0,0,0,0,1,0,29.0,15.2458,5.0,E
3,0,36.0,0,0,7.8958,,1,0,1,0,1,0,0,36.0,7.8958,6.0,F
3,1,18.0,0,0,9.8417,,0,0,1,1,0,0,0,18.0,9.8417,6.0,F
3,1,63.0,0,0,9.5875,,0,0,1,0,0,1,0,63.0,9.5875,5.0,E
3,0,,1,1,14.5,,1,0,1,0,0,0,0,11.5,14.5,5.0,E
3,0,11.5,1,1,14.5,,1,0,1,0,0,0,0,11.5,14.5,5.0,E
3,0,40.5,0,2,14.5,,1,0,1,0,1,0,0,40.5,14.5,5.0,E
3,0,10.0,0,2,24.15,,0,0,1,1,0,0,0,10.0,24.15,7.0,G
3,0,36.0,1,1,24.15,,1,0,1,0,1,0,0,36.0,24.15,5.0,E
3,0,30.0,1,1,24.15,,0,0,1,0,0,1,0,30.0,24.15,7.0,G
3,0,,0,0,9.5,,1,0,1,0,1,0,0,27.1875,9.5,6.0,F
3,0,33.0,0,0,9.5,,1,0,1,0,1,0,0,33.0,9.5,5.0,E
3,0,28.0,0,0,9.5,,1,0,1,0,1,0,0,28.0,9.5,6.0,F
3,0,28.0,0,0,9.5,,1,0,1,0,1,0,0,28.0,9.5,6.0,F
3,0,47.0,0,0,9.0,,1,0,1,0,1,0,0,47.0,9.0,5.0,E
3,0,18.0,2,0,18.0,,0,0,1,1,0,0,0,18.0,18.0,7.0,G
3,0,31.0,3,0,18.0,,1,0,1,0,1,0,0,31.0,18.0,5.0,E
3,0,16.0,2,0,18.0,,1,0,1,0,1,0,0,16.0,18.0,6.0,F
3,0,31.0,1,0,18.0,,0,0,1,0,0,1,0,31.0,18.0,6.0,F
3,1,22.0,0,0,7.225,,1,0,0,0,1,0,0,22.0,7.225,6.0,F
3,0,20.0,0,0,7.8542,,1,0,1,0,1,0,0,20.0,7.8542,6.0,F
3,0,14.0,0,0,7.8542,,0,0,1,1,0,0,0,14.0,7.8542,7.0,G
3,0,22.0,0,0,7.8958,,1,0,1,0,1,0,0,22.0,7.8958,6.0,F
3,0,22.0,0,0,9.0,,1,0,1,0,1,0,0,22.0,9.0,6.0,F
3,0,,0,0,8.05,,1,0,1,0,1,0,0,28.296296296296298,8.05,6.0,F
3,0,,0,0,7.55,,1,0,1,0,1,0,0,42.0,7.55,6.0,F
3,0,,0,0,8.05,,1,0,1,0,1,0,0,28.296296296296298,8.05,6.0,F
3,0,32.5,0,0,9.5,,1,0,1,0,1,0,0,32.5,9.5,5.0,E
3,1,38.0,0,0,7.2292,,0,0,0,0,0,1,0,38.0,7.2292,5.0,E
3,0,51.0,0,0,7.75,,1,0,1,0,1,0,0,51.0,7.75,6.0,F
3,0,18.0,1,0,6.4958,,1,0,1,0,1,0,0,18.0,6.4958,6.0,F
3,0,21.0,1,0,6.4958,,1,0,1,0,1,0,0,21.0,6.4958,6.0,F
3,1,47.0,1,0,7.0,,0,0,1,0,0,1,0,47.0,7.0,6.0,F
3,0,,0,0,8.7125,,1,0,1,0,1,0,0,24.825,8.7125,6.0,F
3,0,,0,0,7.55,,1,0,1,0,1,0,0,42.0,7.55,6.0,F
3,0,,0,0,8.05,,1,0,1,0,1,0,0,28.296296296296298,8.05,6.0,F
3,0,28.5,0,0,16.1,,1,0,1,0,1,0,0,28.5,16.1,5.0,E
3,0,21.0,0,0,7.25,,1,0,1,0,1,0,0,21.0,7.25,6.0,F
3,0,27.0,0,0,8.6625,,1,0,1,0,1,0,0,27.0,8.6625,6.0,F
3,0,,0,0,7.25,,1,0,1,0,1,0,0,27.0,7.25,6.0,F
3,0,36.0,0,0,9.5,,1,0,1,0,1,0,0,36.0,9.5,5.0,E
3,0,27.0,1,0,14.4542,,1,0,0,0,1,0,0,27.0,14.4542,5.0,E
3,1,15.0,1,0,14.4542,,0,0,0,0,0,1,0,15.0,14.4542,6.0,F
3,0,45.5,0,0,7.225,,1,0,0,0,1,0,0,45.5,7.225,6.0,F
3,0,,0,0,7.225,,1,0,0,0,1,0,0,28.611111111111107,7.225,6.0,F
3,0,,0,0,14.4583,,1,0,0,0,1,0,0,24.033333333333335,14.4583,5.0,E
3,0,14.5,1,0,14.4542,,0,0,0,1,0,0,0,14.5,14.4542,6.0,F
3,0,,1,0,14.4542,,0,0,0,1,0,0,0,14.5,14.4542,6.0,F
3,0,26.5,0,0,7.225,,1,0,0,0,1,0,0,26.5,7.225,6.0,F
3,0,27.0,0,0,7.225,,1,0,0,0,1,0,0,27.0,7.225,6.0,F
3,0,29.0,0,0,7.875,,1,0,1,0,1,0,0,29.0,7.875,6.0,F
